variant,row_type,boundary,direction,requested_outward_max,count_above_threshold,share_above_threshold,argmax_index,argmax_physical,requested_at_max,quantiles_q50_q90_q95_q99,offending_b_index,offending_a_index,offending_z_index,offending_b,offending_a,offending_z,offending_requested_outward_rate,,
V0_BASE,summary,lower_b,b_backward,0.000000000e+00,0,0.000000000e+00,"(0, 0, 0)","(-2.0, 0.0, 0.8)",0.000000000e+00,NOT_APPLICABLE,,,,,,,,,
V0_BASE,summary,upper_b,b_forward,3.537477040e-01,3,7.500000000e-02,"(19, 19, 1)","(5.0, 10.0, 1.3)",3.537477040e-01,0.27186872359611547/0.33737190793689/0.34555980597948677/0.35211012441356426,,,,,,,,,
V0_BASE,offending,upper_b,b_forward,1.157606987e-01,,,,,,,19,17,1,5.000000000e+00,8.947368421e+00,1.300000000e+00,1.157606987e-01,,
V0_BASE,offending,upper_b,b_forward,2.718687236e-01,,,,,,,19,18,1,5.000000000e+00,9.473684211e+00,1.300000000e+00,2.718687236e-01,,
V0_BASE,offending,upper_b,b_forward,3.537477040e-01,,,,,,,19,19,1,5.000000000e+00,1.000000000e+01,1.300000000e+00,3.537477040e-01,,
V0_BASE,summary,lower_a,a_backward,0.000000000e+00,0,0.000000000e+00,"(0, 0, 0)","(-2.0, 0.0, 0.8)",0.000000000e+00,NOT_APPLICABLE,,,,,,,,,
V0_BASE,summary,upper_a,a_forward,2.640718827e-01,28,7.000000000e-01,"(14, 19, 1)","(3.1578947368421053, 10.0, 1.3)",2.640718827e-01,0.20265880202205963/0.25652049957419243/0.2615557792231614/0.26389746757596977,,,,,,,,,
V0_BASE,offending,upper_a,a_forward,3.175106194e-03,,,,,,,5,19,1,-1.578947368e-01,1.000000000e+01,1.300000000e+00,3.175106194e-03,,
V0_BASE,offending,upper_a,a_forward,1.034225218e-01,,,,,,,6,19,1,2.105263158e-01,1.000000000e+01,1.300000000e+00,1.034225218e-01,,
V0_BASE,offending,upper_a,a_forward,2.940147623e-02,,,,,,,7,19,0,5.789473684e-01,1.000000000e+01,8.000000000e-01,2.940147623e-02,,
V0_BASE,offending,upper_a,a_forward,1.460640158e-01,,,,,,,7,19,1,5.789473684e-01,1.000000000e+01,1.300000000e+00,1.460640158e-01,,
V0_BASE,offending,upper_a,a_forward,9.009153816e-02,,,,,,,8,19,0,9.473684211e-01,1.000000000e+01,8.000000000e-01,9.009153816e-02,,
V0_BASE,offending,upper_a,a_forward,1.763017040e-01,,,,,,,8,19,1,9.473684211e-01,1.000000000e+01,1.300000000e+00,1.763017040e-01,,
V0_BASE,offending,upper_a,a_forward,1.367105809e-01,,,,,,,9,19,0,1.315789474e+00,1.000000000e+01,8.000000000e-01,1.367105809e-01,,
V0_BASE,offending,upper_a,a_forward,2.031466324e-01,,,,,,,9,19,1,1.315789474e+00,1.000000000e+01,1.300000000e+00,2.031466324e-01,,
V0_BASE,offending,upper_a,a_forward,1.732706282e-01,,,,,,,10,19,0,1.684210526e+00,1.000000000e+01,8.000000000e-01,1.732706282e-01,,
V0_BASE,offending,upper_a,a_forward,2.253730726e-01,,,,,,,10,19,1,1.684210526e+00,1.000000000e+01,1.300000000e+00,2.253730726e-01,,
V0_BASE,offending,upper_a,a_forward,2.021709716e-01,,,,,,,11,19,0,2.052631579e+00,1.000000000e+01,8.000000000e-01,2.021709716e-01,,
V0_BASE,offending,upper_a,a_forward,2.429588552e-01,,,,,,,11,19,1,2.052631579e+00,1.000000000e+01,1.300000000e+00,2.429588552e-01,,
V0_BASE,offending,upper_a,a_forward,2.248302109e-01,,,,,,,12,19,0,2.421052632e+00,1.000000000e+01,8.000000000e-01,2.248302109e-01,,
V0_BASE,offending,upper_a,a_forward,2.558509867e-01,,,,,,,12,19,1,2.421052632e+00,1.000000000e+01,1.300000000e+00,2.558509867e-01,,
V0_BASE,offending,upper_a,a_forward,2.419158557e-01,,,,,,,13,19,0,2.789473684e+00,1.000000000e+01,8.000000000e-01,2.419158557e-01,,
V0_BASE,offending,upper_a,a_forward,2.634259008e-01,,,,,,,13,19,1,2.789473684e+00,1.000000000e+01,1.300000000e+00,2.634259008e-01,,
V0_BASE,offending,upper_a,a_forward,2.533455404e-01,,,,,,,14,19,0,3.157894737e+00,1.000000000e+01,8.000000000e-01,2.533455404e-01,,
V0_BASE,offending,upper_a,a_forward,2.640718827e-01,,,,,,,14,19,1,3.157894737e+00,1.000000000e+01,1.300000000e+00,2.640718827e-01,,
V0_BASE,offending,upper_a,a_forward,2.580826964e-01,,,,,,,15,19,0,3.526315789e+00,1.000000000e+01,8.000000000e-01,2.580826964e-01,,
V0_BASE,offending,upper_a,a_forward,2.546689128e-01,,,,,,,15,19,1,3.526315789e+00,1.000000000e+01,1.300000000e+00,2.546689128e-01,,
V0_BASE,offending,upper_a,a_forward,2.537143916e-01,,,,,,,16,19,0,3.894736842e+00,1.000000000e+01,8.000000000e-01,2.537143916e-01,,
V0_BASE,offending,upper_a,a_forward,2.305539903e-01,,,,,,,16,19,1,3.894736842e+00,1.000000000e+01,1.300000000e+00,2.305539903e-01,,
V0_BASE,offending,upper_a,a_forward,2.352871698e-01,,,,,,,17,19,0,4.263157895e+00,1.000000000e+01,8.000000000e-01,2.352871698e-01,,
V0_BASE,offending,upper_a,a_forward,1.867536785e-01,,,,,,,17,19,1,4.263157895e+00,1.000000000e+01,1.300000000e+00,1.867536785e-01,,
V0_BASE,offending,upper_a,a_forward,1.907037702e-01,,,,,,,18,19,0,4.631578947e+00,1.000000000e+01,8.000000000e-01,1.907037702e-01,,
V0_BASE,offending,upper_a,a_forward,1.206860239e-01,,,,,,,18,19,1,4.631578947e+00,1.000000000e+01,1.300000000e+00,1.206860239e-01,,
V0_BASE,offending,upper_a,a_forward,8.783338931e-02,,,,,,,19,19,0,5.000000000e+00,1.000000000e+01,8.000000000e-01,8.783338931e-02,,
V0_BASE,offending,upper_a,a_forward,3.635781425e-02,,,,,,,19,19,1,5.000000000e+00,1.000000000e+01,1.300000000e+00,3.635781425e-02,,
V1_A_WIDE,summary,lower_b,b_backward,0.000000000e+00,0,0.000000000e+00,"(0, 0, 0)","(-2.0, 0.0, 0.8)",0.000000000e+00,NOT_APPLICABLE,,,,,,,,,
V1_A_WIDE,summary,upper_b,b_forward,1.237533996e+00,6,7.500000000e-02,"(19, 39, 1)","(5.0, 20.526315789473685, 1.3)",1.237533996e+00,0.7748616809049792/1.1728850611885822/1.2052095284144713/1.2310691021951825,,,,,,,,,
V1_A_WIDE,offending,upper_b,b_forward,1.724097907e-01,,,,,,,19,34,1,5.000000000e+00,1.789473684e+01,1.300000000e+00,1.724097907e-01,,
V1_A_WIDE,offending,upper_b,b_forward,4.096713022e-01,,,,,,,19,35,1,5.000000000e+00,1.842105263e+01,1.300000000e+00,4.096713022e-01,,
V1_A_WIDE,offending,upper_b,b_forward,6.543476500e-01,,,,,,,19,36,1,5.000000000e+00,1.894736842e+01,1.300000000e+00,6.543476500e-01,,
V1_A_WIDE,offending,upper_b,b_forward,8.953757118e-01,,,,,,,19,37,1,5.000000000e+00,1.947368421e+01,1.300000000e+00,8.953757118e-01,,
V1_A_WIDE,offending,upper_b,b_forward,1.108236127e+00,,,,,,,19,38,1,5.000000000e+00,2.000000000e+01,1.300000000e+00,1.108236127e+00,,
V1_A_WIDE,offending,upper_b,b_forward,1.237533996e+00,,,,,,,19,39,1,5.000000000e+00,2.052631579e+01,1.300000000e+00,1.237533996e+00,,
V1_A_WIDE,summary,lower_a,a_backward,0.000000000e+00,0,0.000000000e+00,"(0, 0, 0)","(-2.0, 0.0, 0.8)",0.000000000e+00,NOT_APPLICABLE,,,,,,,,,
V1_A_WIDE,summary,upper_a,a_forward,0.000000000e+00,0,0.000000000e+00,"(0, 39, 0)","(-2.0, 20.526315789473685, 0.8)",0.000000000e+00,NOT_APPLICABLE,,,,,,,,,
V2_B_WIDE,summary,lower_b,b_backward,0.000000000e+00,0,0.000000000e+00,"(0, 0, 0)","(-2.0, 0.0, 0.8)",0.000000000e+00,NOT_APPLICABLE,,,,,,,,,
V2_B_WIDE,summary,upper_b,b_forward,1.020335606e-02,1,2.500000000e-02,"(39, 19, 1)","(12.368421052631579, 10.0, 1.3)",1.020335606e-02,0.010203356062305411/0.010203356062305411/0.010203356062305411/0.010203356062305411,,,,,,,,,
V2_B_WIDE,offending,upper_b,b_forward,1.020335606e-02,,,,,,,39,19,1,1.236842105e+01,1.000000000e+01,1.300000000e+00,1.020335606e-02,,
V2_B_WIDE,summary,lower_a,a_backward,0.000000000e+00,0,0.000000000e+00,"(0, 0, 0)","(-2.0, 0.0, 0.8)",0.000000000e+00,NOT_APPLICABLE,,,,,,,,,
V2_B_WIDE,summary,upper_a,a_forward,3.094730277e-01,68,8.500000000e-01,"(22, 19, 0)","(6.105263157894736, 10.0, 0.8)",3.094730277e-01,0.27570549025433355/0.30765703479367806/0.30886034443603066/0.30922430554204733,,,,,,,,,
V2_B_WIDE,offending,upper_a,a_forward,3.340559455e-03,,,,,,,5,19,1,-1.578947368e-01,1.000000000e+01,1.300000000e+00,3.340559455e-03,,
V2_B_WIDE,offending,upper_a,a_forward,1.037185052e-01,,,,,,,6,19,1,2.105263158e-01,1.000000000e+01,1.300000000e+00,1.037185052e-01,,
V2_B_WIDE,offending,upper_a,a_forward,2.961341708e-02,,,,,,,7,19,0,5.789473684e-01,1.000000000e+01,8.000000000e-01,2.961341708e-02,,
V2_B_WIDE,offending,upper_a,a_forward,1.464849560e-01,,,,,,,7,19,1,5.789473684e-01,1.000000000e+01,1.300000000e+00,1.464849560e-01,,
V2_B_WIDE,offending,upper_a,a_forward,9.044960205e-02,,,,,,,8,19,0,9.473684211e-01,1.000000000e+01,8.000000000e-01,9.044960205e-02,,
V2_B_WIDE,offending,upper_a,a_forward,1.770230905e-01,,,,,,,8,19,1,9.473684211e-01,1.000000000e+01,1.300000000e+00,1.770230905e-01,,
V2_B_WIDE,offending,upper_a,a_forward,1.373124883e-01,,,,,,,9,19,0,1.315789474e+00,1.000000000e+01,8.000000000e-01,1.373124883e-01,,
V2_B_WIDE,offending,upper_a,a_forward,2.043612125e-01,,,,,,,9,19,1,1.315789474e+00,1.000000000e+01,1.300000000e+00,2.043612125e-01,,
V2_B_WIDE,offending,upper_a,a_forward,1.742857243e-01,,,,,,,10,19,0,1.684210526e+00,1.000000000e+01,8.000000000e-01,1.742857243e-01,,
V2_B_WIDE,offending,upper_a,a_forward,2.274316378e-01,,,,,,,10,19,1,1.684210526e+00,1.000000000e+01,1.300000000e+00,2.274316378e-01,,
V2_B_WIDE,offending,upper_a,a_forward,2.039039604e-01,,,,,,,11,19,0,2.052631579e+00,1.000000000e+01,8.000000000e-01,2.039039604e-01,,
V2_B_WIDE,offending,upper_a,a_forward,2.465141984e-01,,,,,,,11,19,1,2.052631579e+00,1.000000000e+01,1.300000000e+00,2.465141984e-01,,
V2_B_WIDE,offending,upper_a,a_forward,2.278442047e-01,,,,,,,12,19,0,2.421052632e+00,1.000000000e+01,8.000000000e-01,2.278442047e-01,,
V2_B_WIDE,offending,upper_a,a_forward,2.621391198e-01,,,,,,,12,19,1,2.421052632e+00,1.000000000e+01,1.300000000e+00,2.621391198e-01,,
V2_B_WIDE,offending,upper_a,a_forward,2.472667309e-01,,,,,,,13,19,0,2.789473684e+00,1.000000000e+01,8.000000000e-01,2.472667309e-01,,
V2_B_WIDE,offending,upper_a,a_forward,2.747991012e-01,,,,,,,13,19,1,2.789473684e+00,1.000000000e+01,1.300000000e+00,2.747991012e-01,,
V2_B_WIDE,offending,upper_a,a_forward,2.630121070e-01,,,,,,,14,19,0,3.157894737e+00,1.000000000e+01,8.000000000e-01,2.630121070e-01,,
V2_B_WIDE,offending,upper_a,a_forward,2.849422674e-01,,,,,,,14,19,1,3.157894737e+00,1.000000000e+01,1.300000000e+00,2.849422674e-01,,
V2_B_WIDE,offending,upper_a,a_forward,2.757081090e-01,,,,,,,15,19,0,3.526315789e+00,1.000000000e+01,8.000000000e-01,2.757081090e-01,,
V2_B_WIDE,offending,upper_a,a_forward,2.929287953e-01,,,,,,,15,19,1,3.526315789e+00,1.000000000e+01,1.300000000e+00,2.929287953e-01,,
V2_B_WIDE,offending,upper_a,a_forward,2.858361362e-01,,,,,,,16,19,0,3.894736842e+00,1.000000000e+01,8.000000000e-01,2.858361362e-01,,
V2_B_WIDE,offending,upper_a,a_forward,2.990498670e-01,,,,,,,16,19,1,3.894736842e+00,1.000000000e+01,1.300000000e+00,2.990498670e-01,,
V2_B_WIDE,offending,upper_a,a_forward,2.937736161e-01,,,,,,,17,19,0,4.263157895e+00,1.000000000e+01,8.000000000e-01,2.937736161e-01,,
V2_B_WIDE,offending,upper_a,a_forward,3.035440044e-01,,,,,,,17,19,1,4.263157895e+00,1.000000000e+01,1.300000000e+00,3.035440044e-01,,
V2_B_WIDE,offending,upper_a,a_forward,2.998223714e-01,,,,,,,18,19,0,4.631578947e+00,1.000000000e+01,8.000000000e-01,2.998223714e-01,,
V2_B_WIDE,offending,upper_a,a_forward,3.066095975e-01,,,,,,,18,19,1,4.631578947e+00,1.000000000e+01,1.300000000e+00,3.066095975e-01,,
V2_B_WIDE,offending,upper_a,a_forward,3.042282429e-01,,,,,,,19,19,0,5.000000000e+00,1.000000000e+01,8.000000000e-01,3.042282429e-01,,
V2_B_WIDE,offending,upper_a,a_forward,3.084142656e-01,,,,,,,19,19,1,5.000000000e+00,1.000000000e+01,1.300000000e+00,3.084142656e-01,,
V2_B_WIDE,offending,upper_a,a_forward,3.071949835e-01,,,,,,,20,19,0,5.368421053e+00,1.000000000e+01,8.000000000e-01,3.071949835e-01,,
V2_B_WIDE,offending,upper_a,a_forward,3.091018006e-01,,,,,,,20,19,1,5.368421053e+00,1.000000000e+01,1.300000000e+00,3.091018006e-01,,
V2_B_WIDE,offending,upper_a,a_forward,3.088942713e-01,,,,,,,21,19,0,5.736842105e+00,1.000000000e+01,8.000000000e-01,3.088942713e-01,,
V2_B_WIDE,offending,upper_a,a_forward,3.087973373e-01,,,,,,,21,19,1,5.736842105e+00,1.000000000e+01,1.300000000e+00,3.087973373e-01,,
V2_B_WIDE,offending,upper_a,a_forward,3.094730277e-01,,,,,,,22,19,0,6.105263158e+00,1.000000000e+01,8.000000000e-01,3.094730277e-01,,
V2_B_WIDE,offending,upper_a,a_forward,3.076112249e-01,,,,,,,22,19,1,6.105263158e+00,1.000000000e+01,1.300000000e+00,3.076112249e-01,,
V2_B_WIDE,offending,upper_a,a_forward,3.090588270e-01,,,,,,,23,19,0,6.473684211e+00,1.000000000e+01,8.000000000e-01,3.090588270e-01,,
V2_B_WIDE,offending,upper_a,a_forward,3.056419347e-01,,,,,,,23,19,1,6.473684211e+00,1.000000000e+01,1.300000000e+00,3.056419347e-01,,
V2_B_WIDE,offending,upper_a,a_forward,3.077639246e-01,,,,,,,24,19,0,6.842105263e+00,1.000000000e+01,8.000000000e-01,3.077639246e-01,,
V2_B_WIDE,offending,upper_a,a_forward,3.029782303e-01,,,,,,,24,19,1,6.842105263e+00,1.000000000e+01,1.300000000e+00,3.029782303e-01,,
V2_B_WIDE,offending,upper_a,a_forward,3.056882553e-01,,,,,,,25,19,0,7.210526316e+00,1.000000000e+01,8.000000000e-01,3.056882553e-01,,
V2_B_WIDE,offending,upper_a,a_forward,2.997007346e-01,,,,,,,25,19,1,7.210526316e+00,1.000000000e+01,1.300000000e+00,2.997007346e-01,,
V2_B_WIDE,offending,upper_a,a_forward,3.029216260e-01,,,,,,,26,19,0,7.578947368e+00,1.000000000e+01,8.000000000e-01,3.029216260e-01,,
V2_B_WIDE,offending,upper_a,a_forward,2.958829316e-01,,,,,,,26,19,1,7.578947368e+00,1.000000000e+01,1.300000000e+00,2.958829316e-01,,
V2_B_WIDE,offending,upper_a,a_forward,2.995452007e-01,,,,,,,27,19,0,7.947368421e+00,1.000000000e+01,8.000000000e-01,2.995452007e-01,,
V2_B_WIDE,offending,upper_a,a_forward,2.915914887e-01,,,,,,,27,19,1,7.947368421e+00,1.000000000e+01,1.300000000e+00,2.915914887e-01,,
V2_B_WIDE,offending,upper_a,a_forward,2.956322187e-01,,,,,,,28,19,0,8.315789474e+00,1.000000000e+01,8.000000000e-01,2.956322187e-01,,
V2_B_WIDE,offending,upper_a,a_forward,2.868854962e-01,,,,,,,28,19,1,8.315789474e+00,1.000000000e+01,1.300000000e+00,2.868854962e-01,,
V2_B_WIDE,offending,upper_a,a_forward,2.912476007e-01,,,,,,,29,19,0,8.684210526e+00,1.000000000e+01,8.000000000e-01,2.912476007e-01,,
V2_B_WIDE,offending,upper_a,a_forward,2.818136042e-01,,,,,,,29,19,1,8.684210526e+00,1.000000000e+01,1.300000000e+00,2.818136042e-01,,
V2_B_WIDE,offending,upper_a,a_forward,2.864455178e-01,,,,,,,30,19,0,9.052631579e+00,1.000000000e+01,8.000000000e-01,2.864455178e-01,,
V2_B_WIDE,offending,upper_a,a_forward,2.764066887e-01,,,,,,,30,19,1,9.052631579e+00,1.000000000e+01,1.300000000e+00,2.764066887e-01,,
V2_B_WIDE,offending,upper_a,a_forward,2.812627406e-01,,,,,,,31,19,0,9.421052632e+00,1.000000000e+01,8.000000000e-01,2.812627406e-01,,
V2_B_WIDE,offending,upper_a,a_forward,2.706607331e-01,,,,,,,31,19,1,9.421052632e+00,1.000000000e+01,1.300000000e+00,2.706607331e-01,,
V2_B_WIDE,offending,upper_a,a_forward,2.757028715e-01,,,,,,,32,19,0,9.789473684e+00,1.000000000e+01,8.000000000e-01,2.757028715e-01,,
V2_B_WIDE,offending,upper_a,a_forward,2.644982828e-01,,,,,,,32,19,1,9.789473684e+00,1.000000000e+01,1.300000000e+00,2.644982828e-01,,
V2_B_WIDE,offending,upper_a,a_forward,2.697006825e-01,,,,,,,33,19,0,1.015789474e+01,1.000000000e+01,8.000000000e-01,2.697006825e-01,,
V2_B_WIDE,offending,upper_a,a_forward,2.576836919e-01,,,,,,,33,19,1,1.015789474e+01,1.000000000e+01,1.300000000e+00,2.576836919e-01,,
V2_B_WIDE,offending,upper_a,a_forward,2.630428918e-01,,,,,,,34,19,0,1.052631579e+01,1.000000000e+01,8.000000000e-01,2.630428918e-01,,
V2_B_WIDE,offending,upper_a,a_forward,2.496421343e-01,,,,,,,34,19,1,1.052631579e+01,1.000000000e+01,1.300000000e+00,2.496421343e-01,,
V2_B_WIDE,offending,upper_a,a_forward,2.551905443e-01,,,,,,,35,19,0,1.089473684e+01,1.000000000e+01,8.000000000e-01,2.551905443e-01,,
V2_B_WIDE,offending,upper_a,a_forward,2.390924420e-01,,,,,,,35,19,1,1.089473684e+01,1.000000000e+01,1.300000000e+00,2.390924420e-01,,
V2_B_WIDE,offending,upper_a,a_forward,2.448504556e-01,,,,,,,36,19,0,1.126315789e+01,1.000000000e+01,8.000000000e-01,2.448504556e-01,,
V2_B_WIDE,offending,upper_a,a_forward,2.233775713e-01,,,,,,,36,19,1,1.126315789e+01,1.000000000e+01,1.300000000e+00,2.233775713e-01,,
V2_B_WIDE,offending,upper_a,a_forward,2.287287194e-01,,,,,,,37,19,0,1.163157895e+01,1.000000000e+01,8.000000000e-01,2.287287194e-01,,
V2_B_WIDE,offending,upper_a,a_forward,1.975216189e-01,,,,,,,37,19,1,1.163157895e+01,1.000000000e+01,1.300000000e+00,1.975216189e-01,,
V2_B_WIDE,offending,upper_a,a_forward,1.970610811e-01,,,,,,,38,19,0,1.200000000e+01,1.000000000e+01,8.000000000e-01,1.970610811e-01,,
V2_B_WIDE,offending,upper_a,a_forward,1.538275023e-01,,,,,,,38,19,1,1.200000000e+01,1.000000000e+01,1.300000000e+00,1.538275023e-01,,
V2_B_WIDE,offending,upper_a,a_forward,1.186582564e-01,,,,,,,39,19,0,1.236842105e+01,1.000000000e+01,8.000000000e-01,1.186582564e-01,,
V2_B_WIDE,offending,upper_a,a_forward,8.503454305e-02,,,,,,,39,19,1,1.236842105e+01,1.000000000e+01,1.300000000e+00,8.503454305e-02,,
V3_AB_MID,summary,lower_b,b_backward,0.000000000e+00,0,0.000000000e+00,"(0, 0, 0)","(-2.0, 0.0, 0.8)",0.000000000e+00,NOT_APPLICABLE,,,,,,,,,
V3_AB_MID,summary,upper_b,b_forward,2.779124150e-01,3,5.000000000e-02,"(29, 29, 1)","(8.68421052631579, 15.263157894736842, 1.3)",2.779124150e-01,0.22929673647407903/0.26818927925974667/0.27305084710795513/0.2769401013865219,,,,,,,,,
V3_AB_MID,offending,upper_b,b_forward,8.161843586e-02,,,,,,,29,27,1,8.684210526e+00,1.421052632e+01,1.300000000e+00,8.161843586e-02,,
V3_AB_MID,offending,upper_b,b_forward,2.292967365e-01,,,,,,,29,28,1,8.684210526e+00,1.473684211e+01,1.300000000e+00,2.292967365e-01,,
V3_AB_MID,offending,upper_b,b_forward,2.779124150e-01,,,,,,,29,29,1,8.684210526e+00,1.526315789e+01,1.300000000e+00,2.779124150e-01,,
V3_AB_MID,summary,lower_a,a_backward,0.000000000e+00,0,0.000000000e+00,"(0, 0, 0)","(-2.0, 0.0, 0.8)",0.000000000e+00,NOT_APPLICABLE,,,,,,,,,
V3_AB_MID,summary,upper_a,a_forward,3.374541508e-01,44,7.333333333e-01,"(20, 29, 1)","(5.368421052631579, 15.263157894736842, 1.3)",3.374541508e-01,0.284990348568805/0.3350192198089379/0.3366384870580093/0.337384060835284,,,,,,,,,
V3_AB_MID,offending,upper_a,a_forward,6.111379649e-02,,,,,,,7,29,1,5.789473684e-01,1.526315789e+01,1.300000000e+00,6.111379649e-02,,
V3_AB_MID,offending,upper_a,a_forward,1.060671461e-04,,,,,,,8,29,0,9.473684211e-01,1.526315789e+01,8.000000000e-01,1.060671461e-04,,
V3_AB_MID,offending,upper_a,a_forward,1.171081840e-01,,,,,,,8,29,1,9.473684211e-01,1.526315789e+01,1.300000000e+00,1.171081840e-01,,
V3_AB_MID,offending,upper_a,a_forward,6.734632547e-02,,,,,,,9,29,0,1.315789474e+00,1.526315789e+01,8.000000000e-01,6.734632547e-02,,
V3_AB_MID,offending,upper_a,a_forward,1.613614411e-01,,,,,,,9,29,1,1.315789474e+00,1.526315789e+01,1.300000000e+00,1.613614411e-01,,
V3_AB_MID,offending,upper_a,a_forward,1.210906526e-01,,,,,,,10,29,0,1.684210526e+00,1.526315789e+01,8.000000000e-01,1.210906526e-01,,
V3_AB_MID,offending,upper_a,a_forward,1.973970197e-01,,,,,,,10,29,1,1.684210526e+00,1.526315789e+01,1.300000000e+00,1.973970197e-01,,
V3_AB_MID,offending,upper_a,a_forward,1.647263404e-01,,,,,,,11,29,0,2.052631579e+00,1.526315789e+01,8.000000000e-01,1.647263404e-01,,
V3_AB_MID,offending,upper_a,a_forward,2.271449814e-01,,,,,,,11,29,1,2.052631579e+00,1.526315789e+01,1.300000000e+00,2.271449814e-01,,
V3_AB_MID,offending,upper_a,a_forward,2.005460477e-01,,,,,,,12,29,0,2.421052632e+00,1.526315789e+01,8.000000000e-01,2.005460477e-01,,
V3_AB_MID,offending,upper_a,a_forward,2.518495274e-01,,,,,,,12,29,1,2.421052632e+00,1.526315789e+01,1.300000000e+00,2.518495274e-01,,
V3_AB_MID,offending,upper_a,a_forward,2.301553338e-01,,,,,,,13,29,0,2.789473684e+00,1.526315789e+01,8.000000000e-01,2.301553338e-01,,
V3_AB_MID,offending,upper_a,a_forward,2.723866134e-01,,,,,,,13,29,1,2.789473684e+00,1.526315789e+01,1.300000000e+00,2.723866134e-01,,
V3_AB_MID,offending,upper_a,a_forward,2.547120385e-01,,,,,,,14,29,0,3.157894737e+00,1.526315789e+01,8.000000000e-01,2.547120385e-01,,
V3_AB_MID,offending,upper_a,a_forward,2.894032024e-01,,,,,,,14,29,1,3.157894737e+00,1.526315789e+01,1.300000000e+00,2.894032024e-01,,
V3_AB_MID,offending,upper_a,a_forward,2.750715906e-01,,,,,,,15,29,0,3.526315789e+00,1.526315789e+01,8.000000000e-01,2.750715906e-01,,
V3_AB_MID,offending,upper_a,a_forward,3.033893568e-01,,,,,,,15,29,1,3.526315789e+00,1.526315789e+01,1.300000000e+00,3.033893568e-01,,
V3_AB_MID,offending,upper_a,a_forward,2.918773970e-01,,,,,,,16,29,0,3.894736842e+00,1.526315789e+01,8.000000000e-01,2.918773970e-01,,
V3_AB_MID,offending,upper_a,a_forward,3.147183650e-01,,,,,,,16,29,1,3.894736842e+00,1.526315789e+01,1.300000000e+00,3.147183650e-01,,
V3_AB_MID,offending,upper_a,a_forward,3.056171314e-01,,,,,,,17,29,0,4.263157895e+00,1.526315789e+01,8.000000000e-01,3.056171314e-01,,
V3_AB_MID,offending,upper_a,a_forward,3.236669909e-01,,,,,,,17,29,1,4.263157895e+00,1.526315789e+01,1.300000000e+00,3.236669909e-01,,
V3_AB_MID,offending,upper_a,a_forward,3.166554774e-01,,,,,,,18,29,0,4.631578947e+00,1.526315789e+01,8.000000000e-01,3.166554774e-01,,
V3_AB_MID,offending,upper_a,a_forward,3.304184639e-01,,,,,,,18,29,1,4.631578947e+00,1.526315789e+01,1.300000000e+00,3.304184639e-01,,
V3_AB_MID,offending,upper_a,a_forward,3.252472106e-01,,,,,,,19,29,0,5.000000000e+00,1.526315789e+01,8.000000000e-01,3.252472106e-01,,
V3_AB_MID,offending,upper_a,a_forward,3.350443598e-01,,,,,,,19,29,1,5.000000000e+00,1.526315789e+01,1.300000000e+00,3.350443598e-01,,
V3_AB_MID,offending,upper_a,a_forward,3.315288315e-01,,,,,,,20,29,0,5.368421053e+00,1.526315789e+01,8.000000000e-01,3.315288315e-01,,
V3_AB_MID,offending,upper_a,a_forward,3.374541508e-01,,,,,,,20,29,1,5.368421053e+00,1.526315789e+01,1.300000000e+00,3.374541508e-01,,
V3_AB_MID,offending,upper_a,a_forward,3.354806075e-01,,,,,,,21,29,0,5.736842105e+00,1.526315789e+01,8.000000000e-01,3.354806075e-01,,
V3_AB_MID,offending,upper_a,a_forward,3.372911509e-01,,,,,,,21,29,1,5.736842105e+00,1.526315789e+01,1.300000000e+00,3.372911509e-01,,
V3_AB_MID,offending,upper_a,a_forward,3.368428187e-01,,,,,,,22,29,0,6.105263158e+00,1.526315789e+01,8.000000000e-01,3.368428187e-01,,
V3_AB_MID,offending,upper_a,a_forward,3.337418054e-01,,,,,,,22,29,1,6.105263158e+00,1.526315789e+01,1.300000000e+00,3.337418054e-01,,
V3_AB_MID,offending,upper_a,a_forward,3.349605599e-01,,,,,,,23,29,0,6.473684211e+00,1.526315789e+01,8.000000000e-01,3.349605599e-01,,
V3_AB_MID,offending,upper_a,a_forward,3.252223872e-01,,,,,,,23,29,1,6.473684211e+00,1.526315789e+01,1.300000000e+00,3.252223872e-01,,
V3_AB_MID,offending,upper_a,a_forward,3.285224184e-01,,,,,,,24,29,0,6.842105263e+00,1.526315789e+01,8.000000000e-01,3.285224184e-01,,
V3_AB_MID,offending,upper_a,a_forward,3.089505435e-01,,,,,,,24,29,1,6.842105263e+00,1.526315789e+01,1.300000000e+00,3.089505435e-01,,
V3_AB_MID,offending,upper_a,a_forward,3.151433847e-01,,,,,,,25,29,0,7.210526316e+00,1.526315789e+01,8.000000000e-01,3.151433847e-01,,
V3_AB_MID,offending,upper_a,a_forward,2.805774948e-01,,,,,,,25,29,1,7.210526316e+00,1.526315789e+01,1.300000000e+00,2.805774948e-01,,
V3_AB_MID,offending,upper_a,a_forward,2.906621552e-01,,,,,,,26,29,0,7.578947368e+00,1.526315789e+01,8.000000000e-01,2.906621552e-01,,
V3_AB_MID,offending,upper_a,a_forward,2.343960956e-01,,,,,,,26,29,1,7.578947368e+00,1.526315789e+01,1.300000000e+00,2.343960956e-01,,
V3_AB_MID,offending,upper_a,a_forward,2.477055470e-01,,,,,,,27,29,0,7.947368421e+00,1.526315789e+01,8.000000000e-01,2.477055470e-01,,
V3_AB_MID,offending,upper_a,a_forward,1.648734290e-01,,,,,,,27,29,1,7.947368421e+00,1.526315789e+01,1.300000000e+00,1.648734290e-01,,
V3_AB_MID,offending,upper_a,a_forward,1.725977564e-01,,,,,,,28,29,0,8.315789474e+00,1.526315789e+01,8.000000000e-01,1.725977564e-01,,
V3_AB_MID,offending,upper_a,a_forward,6.975014594e-02,,,,,,,28,29,1,8.315789474e+00,1.526315789e+01,1.300000000e+00,6.975014594e-02,,
V3_AB_MID,offending,upper_a,a_forward,4.134907367e-02,,,,,,,29,29,0,8.684210526e+00,1.526315789e+01,8.000000000e-01,4.134907367e-02,,
V4_AB_WIDE,summary,lower_b,b_backward,0.000000000e+00,0,0.000000000e+00,"(0, 0, 0)","(-2.0, 0.0, 0.8)",0.000000000e+00,NOT_APPLICABLE,,,,,,,,,
V4_AB_WIDE,summary,upper_b,b_forward,4.798643503e-01,4,5.000000000e-02,"(39, 39, 1)","(12.368421052631579, 20.526315789473685, 1.3)",4.798643503e-01,0.32395269406033483/0.4587853114738466/0.46932483087829013/0.47775644640184506,,,,,,,,,
V4_AB_WIDE,offending,upper_b,b_forward,2.507635271e-02,,,,,,,39,36,1,1.236842105e+01,1.894736842e+01,1.300000000e+00,2.507635271e-02,,
V4_AB_WIDE,offending,upper_b,b_forward,2.383045005e-01,,,,,,,39,37,1,1.236842105e+01,1.947368421e+01,1.300000000e+00,2.383045005e-01,,
V4_AB_WIDE,offending,upper_b,b_forward,4.096008876e-01,,,,,,,39,38,1,1.236842105e+01,2.000000000e+01,1.300000000e+00,4.096008876e-01,,
V4_AB_WIDE,offending,upper_b,b_forward,4.798643503e-01,,,,,,,39,39,1,1.236842105e+01,2.052631579e+01,1.300000000e+00,4.798643503e-01,,
V4_AB_WIDE,summary,lower_a,a_backward,0.000000000e+00,0,0.000000000e+00,"(0, 0, 0)","(-2.0, 0.0, 0.8)",0.000000000e+00,NOT_APPLICABLE,,,,,,,,,
V4_AB_WIDE,summary,upper_a,a_forward,3.335323649e-01,57,7.125000000e-01,"(24, 39, 0)","(6.842105263157894, 20.526315789473685, 0.8)",3.335323649e-01,0.28353184419199645/0.33079759392221303/0.33263509078687153/0.33312141029652403,,,,,,,,,
V4_AB_WIDE,offending,upper_a,a_forward,3.946620262e-02,,,,,,,8,39,1,9.473684211e-01,2.052631579e+01,1.300000000e+00,3.946620262e-02,,
V4_AB_WIDE,offending,upper_a,a_forward,9.676660806e-02,,,,,,,9,39,1,1.315789474e+00,2.052631579e+01,1.300000000e+00,9.676660806e-02,,
V4_AB_WIDE,offending,upper_a,a_forward,5.004774499e-02,,,,,,,10,39,0,1.684210526e+00,2.052631579e+01,8.000000000e-01,5.004774499e-02,,
V4_AB_WIDE,offending,upper_a,a_forward,1.431159675e-01,,,,,,,10,39,1,1.684210526e+00,2.052631579e+01,1.300000000e+00,1.431159675e-01,,
V4_AB_WIDE,offending,upper_a,a_forward,1.048366062e-01,,,,,,,11,39,0,2.052631579e+00,2.052631579e+01,8.000000000e-01,1.048366062e-01,,
V4_AB_WIDE,offending,upper_a,a_forward,1.812699562e-01,,,,,,,11,39,1,2.052631579e+00,2.052631579e+01,1.300000000e+00,1.812699562e-01,,
V4_AB_WIDE,offending,upper_a,a_forward,1.499016139e-01,,,,,,,12,39,0,2.421052632e+00,2.052631579e+01,8.000000000e-01,1.499016139e-01,,
V4_AB_WIDE,offending,upper_a,a_forward,2.129641907e-01,,,,,,,12,39,1,2.421052632e+00,2.052631579e+01,1.300000000e+00,2.129641907e-01,,
V4_AB_WIDE,offending,upper_a,a_forward,1.872549067e-01,,,,,,,13,39,0,2.789473684e+00,2.052631579e+01,8.000000000e-01,1.872549067e-01,,
V4_AB_WIDE,offending,upper_a,a_forward,2.393843856e-01,,,,,,,13,39,1,2.789473684e+00,2.052631579e+01,1.300000000e+00,2.393843856e-01,,
V4_AB_WIDE,offending,upper_a,a_forward,2.183464428e-01,,,,,,,14,39,0,3.157894737e+00,2.052631579e+01,8.000000000e-01,2.183464428e-01,,
V4_AB_WIDE,offending,upper_a,a_forward,2.613869587e-01,,,,,,,14,39,1,3.157894737e+00,2.052631579e+01,1.300000000e+00,2.613869587e-01,,
V4_AB_WIDE,offending,upper_a,a_forward,2.442477575e-01,,,,,,,15,39,0,3.526315789e+00,2.052631579e+01,8.000000000e-01,2.442477575e-01,,
V4_AB_WIDE,offending,upper_a,a_forward,2.796149832e-01,,,,,,,15,39,1,3.526315789e+00,2.052631579e+01,1.300000000e+00,2.796149832e-01,,
V4_AB_WIDE,offending,upper_a,a_forward,2.657683854e-01,,,,,,,16,39,0,3.894736842e+00,2.052631579e+01,8.000000000e-01,2.657683854e-01,,
V4_AB_WIDE,offending,upper_a,a_forward,2.945651324e-01,,,,,,,16,39,1,3.894736842e+00,2.052631579e+01,1.300000000e+00,2.945651324e-01,,
V4_AB_WIDE,offending,upper_a,a_forward,2.835318442e-01,,,,,,,17,39,0,4.263157895e+00,2.052631579e+01,8.000000000e-01,2.835318442e-01,,
V4_AB_WIDE,offending,upper_a,a_forward,3.066292320e-01,,,,,,,17,39,1,4.263157895e+00,2.052631579e+01,1.300000000e+00,3.066292320e-01,,
V4_AB_WIDE,offending,upper_a,a_forward,2.980265255e-01,,,,,,,18,39,0,4.631578947e+00,2.052631579e+01,8.000000000e-01,2.980265255e-01,,
V4_AB_WIDE,offending,upper_a,a_forward,3.161214058e-01,,,,,,,18,39,1,4.631578947e+00,2.052631579e+01,1.300000000e+00,3.161214058e-01,,
V4_AB_WIDE,offending,upper_a,a_forward,3.096404996e-01,,,,,,,19,39,0,5.000000000e+00,2.052631579e+01,8.000000000e-01,3.096404996e-01,,
V4_AB_WIDE,offending,upper_a,a_forward,3.232963272e-01,,,,,,,19,39,1,5.000000000e+00,2.052631579e+01,1.300000000e+00,3.232963272e-01,,
V4_AB_WIDE,offending,upper_a,a_forward,3.186856298e-01,,,,,,,20,39,0,5.368421053e+00,2.052631579e+01,8.000000000e-01,3.186856298e-01,,
V4_AB_WIDE,offending,upper_a,a_forward,3.283614661e-01,,,,,,,20,39,1,5.368421053e+00,2.052631579e+01,1.300000000e+00,3.283614661e-01,,
V4_AB_WIDE,offending,upper_a,a_forward,3.254142422e-01,,,,,,,21,39,0,5.736842105e+00,2.052631579e+01,8.000000000e-01,3.254142422e-01,,
V4_AB_WIDE,offending,upper_a,a_forward,3.314847961e-01,,,,,,,21,39,1,5.736842105e+00,2.052631579e+01,1.300000000e+00,3.314847961e-01,,
V4_AB_WIDE,offending,upper_a,a_forward,3.300302360e-01,,,,,,,22,39,0,6.105263158e+00,2.052631579e+01,8.000000000e-01,3.300302360e-01,,
V4_AB_WIDE,offending,upper_a,a_forward,3.327985174e-01,,,,,,,22,39,1,6.105263158e+00,2.052631579e+01,1.300000000e+00,3.327985174e-01,,
V4_AB_WIDE,offending,upper_a,a_forward,3.326955770e-01,,,,,,,23,39,0,6.473684211e+00,2.052631579e+01,8.000000000e-01,3.326955770e-01,,
V4_AB_WIDE,offending,upper_a,a_forward,3.323986265e-01,,,,,,,23,39,1,6.473684211e+00,2.052631579e+01,1.300000000e+00,3.323986265e-01,,
V4_AB_WIDE,offending,upper_a,a_forward,3.335323649e-01,,,,,,,24,39,0,6.842105263e+00,2.052631579e+01,8.000000000e-01,3.335323649e-01,,
V4_AB_WIDE,offending,upper_a,a_forward,3.303394591e-01,,,,,,,24,39,1,6.842105263e+00,2.052631579e+01,1.300000000e+00,3.303394591e-01,,
V4_AB_WIDE,offending,upper_a,a_forward,3.326199692e-01,,,,,,,25,39,0,7.210526316e+00,2.052631579e+01,8.000000000e-01,3.326199692e-01,,
V4_AB_WIDE,offending,upper_a,a_forward,3.266215482e-01,,,,,,,25,39,1,7.210526316e+00,2.052631579e+01,1.300000000e+00,3.266215482e-01,,
V4_AB_WIDE,offending,upper_a,a_forward,3.299860105e-01,,,,,,,26,39,0,7.578947368e+00,2.052631579e+01,8.000000000e-01,3.299860105e-01,,
V4_AB_WIDE,offending,upper_a,a_forward,3.211702642e-01,,,,,,,26,39,1,7.578947368e+00,2.052631579e+01,1.300000000e+00,3.211702642e-01,,
V4_AB_WIDE,offending,upper_a,a_forward,3.255892112e-01,,,,,,,27,39,0,7.947368421e+00,2.052631579e+01,8.000000000e-01,3.255892112e-01,,
V4_AB_WIDE,offending,upper_a,a_forward,3.138018805e-01,,,,,,,27,39,1,7.947368421e+00,2.052631579e+01,1.300000000e+00,3.138018805e-01,,
V4_AB_WIDE,offending,upper_a,a_forward,3.192914751e-01,,,,,,,28,39,0,8.315789474e+00,2.052631579e+01,8.000000000e-01,3.192914751e-01,,
V4_AB_WIDE,offending,upper_a,a_forward,3.041733897e-01,,,,,,,28,39,1,8.315789474e+00,2.052631579e+01,1.300000000e+00,3.041733897e-01,,
V4_AB_WIDE,offending,upper_a,a_forward,3.108163058e-01,,,,,,,29,39,0,8.684210526e+00,2.052631579e+01,8.000000000e-01,3.108163058e-01,,
V4_AB_WIDE,offending,upper_a,a_forward,2.917136901e-01,,,,,,,29,39,1,8.684210526e+00,2.052631579e+01,1.300000000e+00,2.917136901e-01,,
V4_AB_WIDE,offending,upper_a,a_forward,2.996915204e-01,,,,,,,30,39,0,9.052631579e+00,2.052631579e+01,8.000000000e-01,2.996915204e-01,,
V4_AB_WIDE,offending,upper_a,a_forward,2.755387563e-01,,,,,,,30,39,1,9.052631579e+00,2.052631579e+01,1.300000000e+00,2.755387563e-01,,
V4_AB_WIDE,offending,upper_a,a_forward,2.851771082e-01,,,,,,,31,39,0,9.421052632e+00,2.052631579e+01,8.000000000e-01,2.851771082e-01,,
V4_AB_WIDE,offending,upper_a,a_forward,2.543652280e-01,,,,,,,31,39,1,9.421052632e+00,2.052631579e+01,1.300000000e+00,2.543652280e-01,,
V4_AB_WIDE,offending,upper_a,a_forward,2.661845883e-01,,,,,,,32,39,0,9.789473684e+00,2.052631579e+01,8.000000000e-01,2.661845883e-01,,
V4_AB_WIDE,offending,upper_a,a_forward,2.264577719e-01,,,,,,,32,39,1,9.789473684e+00,2.052631579e+01,1.300000000e+00,2.264577719e-01,,
V4_AB_WIDE,offending,upper_a,a_forward,2.412004046e-01,,,,,,,33,39,0,1.015789474e+01,2.052631579e+01,8.000000000e-01,2.412004046e-01,,
V4_AB_WIDE,offending,upper_a,a_forward,1.896713093e-01,,,,,,,33,39,1,1.015789474e+01,2.052631579e+01,1.300000000e+00,1.896713093e-01,,
V4_AB_WIDE,offending,upper_a,a_forward,2.082246075e-01,,,,,,,34,39,0,1.052631579e+01,2.052631579e+01,8.000000000e-01,2.082246075e-01,,
V4_AB_WIDE,offending,upper_a,a_forward,1.416596428e-01,,,,,,,34,39,1,1.052631579e+01,2.052631579e+01,1.300000000e+00,1.416596428e-01,,
V4_AB_WIDE,offending,upper_a,a_forward,1.647111146e-01,,,,,,,35,39,0,1.089473684e+01,2.052631579e+01,8.000000000e-01,1.647111146e-01,,
V4_AB_WIDE,offending,upper_a,a_forward,8.028264303e-02,,,,,,,35,39,1,1.089473684e+01,2.052631579e+01,1.300000000e+00,8.028264303e-02,,
V4_AB_WIDE,offending,upper_a,a_forward,1.074346361e-01,,,,,,,36,39,0,1.126315789e+01,2.052631579e+01,8.000000000e-01,1.074346361e-01,,
V4_AB_WIDE,offending,upper_a,a_forward,4.145505619e-03,,,,,,,36,39,1,1.126315789e+01,2.052631579e+01,1.300000000e+00,4.145505619e-03,,
V4_AB_WIDE,offending,upper_a,a_forward,3.214549950e-02,,,,,,,37,39,0,1.163157895e+01,2.052631579e+01,8.000000000e-01,3.214549950e-02,,
V5_BASE_FINE,summary,lower_b,b_backward,0.000000000e+00,0,0.000000000e+00,"(0, 0, 0)","(-2.0, 0.0, 0.8)",0.000000000e+00,NOT_APPLICABLE,,,,,,,,,
V5_BASE_FINE,summary,upper_b,b_forward,1.271515463e+00,7,8.974358974e-02,"(38, 38, 1)","(5.0, 10.0, 1.3)",1.271515463e+00,0.6917378344753425/1.1908588680949566/1.2311871654701507/1.263449803370306,,,,,,,,,
V5_BASE_FINE,offending,upper_b,b_forward,9.147081014e-04,,,,,,,38,32,1,5.000000000e+00,8.421052632e+00,1.300000000e+00,9.147081014e-04,,
V5_BASE_FINE,offending,upper_b,b_forward,2.209018943e-01,,,,,,,38,33,1,5.000000000e+00,8.684210526e+00,1.300000000e+00,2.209018943e-01,,
V5_BASE_FINE,offending,upper_b,b_forward,4.527795569e-01,,,,,,,38,34,1,5.000000000e+00,8.947368421e+00,1.300000000e+00,4.527795569e-01,,
V5_BASE_FINE,offending,upper_b,b_forward,6.917378345e-01,,,,,,,38,35,1,5.000000000e+00,9.210526316e+00,1.300000000e+00,6.917378345e-01,,
V5_BASE_FINE,offending,upper_b,b_forward,9.273456077e-01,,,,,,,38,36,1,5.000000000e+00,9.473684211e+00,1.300000000e+00,9.273456077e-01,,
V5_BASE_FINE,offending,upper_b,b_forward,1.137087805e+00,,,,,,,38,37,1,5.000000000e+00,9.736842105e+00,1.300000000e+00,1.137087805e+00,,
V5_BASE_FINE,offending,upper_b,b_forward,1.271515463e+00,,,,,,,38,38,1,5.000000000e+00,1.000000000e+01,1.300000000e+00,1.271515463e+00,,
V5_BASE_FINE,summary,lower_a,a_backward,0.000000000e+00,0,0.000000000e+00,"(0, 0, 0)","(-2.0, 0.0, 0.8)",0.000000000e+00,NOT_APPLICABLE,,,,,,,,,
V5_BASE_FINE,summary,upper_a,a_forward,0.000000000e+00,0,0.000000000e+00,"(0, 38, 0)","(-2.0, 10.0, 0.8)",0.000000000e+00,NOT_APPLICABLE,,,,,,,,,
