variant,b_index,a_index,z_index,b,a,z,layer_kind,a_resolution,mu_a,mu_b,mu_W,b_outward,classification,dlh5k_interior_positive_trajectory,dlh5k_top_offender_trajectory,mu_W_inward_or_outward,positive_mu_b_coexists_with
J0_A77_B120,115,74,1,4.036842105e+01,9.736842105e+00,1.300000000e+00,INTERIOR,a77,-8.892381980e-02,-2.139682015e-02,-1.103206399e-01,False,B_NONOUTWARD__TOTAL_INWARD,False,True,,
J0_A77_B120,115,75,1,4.036842105e+01,9.868421053e+00,1.300000000e+00,INTERIOR,a77,-1.137289913e-01,-2.027717395e-03,-1.157567087e-01,False,B_NONOUTWARD__TOTAL_INWARD,True,True,INWARD,TOTAL_INWARD
J0_A77_B120,115,76,1,4.036842105e+01,1.000000000e+01,1.300000000e+00,INTERIOR,a77,-1.302440643e-01,1.013367943e-02,-1.201103849e-01,True,B_OUTWARD__TOTAL_INWARD,True,True,INWARD,TOTAL_INWARD
J0_A77_B120,117,74,1,4.110526316e+01,9.736842105e+00,1.300000000e+00,INTERIOR,a77,-9.537233843e-02,-1.616025272e-02,-1.115325912e-01,False,B_NONOUTWARD__TOTAL_INWARD,False,True,,
J0_A77_B120,117,75,1,4.110526316e+01,9.868421053e+00,1.300000000e+00,INTERIOR,a77,-1.211381798e-01,4.240492262e-03,-1.168976876e-01,True,B_OUTWARD__TOTAL_INWARD,True,True,INWARD,TOTAL_INWARD
J0_A77_B120,117,76,1,4.110526316e+01,1.000000000e+01,1.300000000e+00,INTERIOR,a77,-1.388397701e-01,1.762455048e-02,-1.212152196e-01,True,B_OUTWARD__TOTAL_INWARD,True,True,INWARD,TOTAL_INWARD
J0_A77_B120,118,74,1,4.147368421e+01,9.736842105e+00,1.300000000e+00,INTERIOR,a77,-1.035508223e-01,-8.019459576e-03,-1.115702819e-01,False,B_NONOUTWARD__TOTAL_INWARD,False,True,,
J0_A77_B120,118,75,1,4.147368421e+01,9.868421053e+00,1.300000000e+00,INTERIOR,a77,-1.298904793e-01,1.300962091e-02,-1.168808584e-01,True,B_OUTWARD__TOTAL_INWARD,True,True,INWARD,TOTAL_INWARD
J0_A77_B120,118,76,1,4.147368421e+01,1.000000000e+01,1.300000000e+00,INTERIOR,a77,-1.482740229e-01,2.711362566e-02,-1.211603972e-01,True,B_OUTWARD__TOTAL_INWARD,True,True,INWARD,TOTAL_INWARD
J0_A77_B120,119,73,0,4.184210526e+01,9.605263158e+00,8.000000000e-01,TOP,a77,-8.713375003e-02,-4.018398681e-01,-4.889736181e-01,False,B_NONOUTWARD__TOTAL_INWARD,False,False,,
J0_A77_B120,119,73,1,4.184210526e+01,9.605263158e+00,1.300000000e+00,TOP,a77,-8.839456029e-02,-1.722323717e-02,-1.056177975e-01,False,B_NONOUTWARD__TOTAL_INWARD,False,False,,
J0_A77_B120,119,74,0,4.184210526e+01,9.736842105e+00,8.000000000e-01,TOP,a77,-1.164343439e-01,-3.779643693e-01,-4.943987132e-01,False,B_NONOUTWARD__TOTAL_INWARD,False,False,,
J0_A77_B120,119,74,1,4.184210526e+01,9.736842105e+00,1.300000000e+00,TOP,a77,-1.181156894e-01,7.108521285e-03,-1.110071681e-01,True,B_OUTWARD__TOTAL_INWARD,False,True,,
J0_A77_B120,119,75,0,4.184210526e+01,9.868421053e+00,8.000000000e-01,TOP,a77,-1.424415818e-01,-3.572130824e-01,-4.996546642e-01,False,B_NONOUTWARD__TOTAL_INWARD,False,False,,
J0_A77_B120,119,75,1,4.184210526e+01,9.868421053e+00,1.300000000e+00,TOP,a77,-1.446695049e-01,2.841300610e-02,-1.162564988e-01,True,B_OUTWARD__TOTAL_INWARD,True,True,INWARD,TOTAL_INWARD
J0_A77_B120,119,76,0,4.184210526e+01,1.000000000e+01,8.000000000e-01,TOP,a77,-1.604760201e-01,-3.433874538e-01,-5.038634740e-01,False,B_NONOUTWARD__TOTAL_INWARD,False,False,,
J0_A77_B120,119,76,1,4.184210526e+01,1.000000000e+01,1.300000000e+00,TOP,a77,-1.634059876e-01,4.291614197e-02,-1.204898456e-01,True,B_OUTWARD__TOTAL_INWARD,True,True,INWARD,TOTAL_INWARD
J1_A77_B140,135,75,1,4.773684211e+01,9.868421053e+00,1.300000000e+00,INTERIOR,a77,-1.137408000e-01,-2.579137280e-02,-1.395321728e-01,False,B_NONOUTWARD__TOTAL_INWARD,False,True,,
J1_A77_B140,135,76,1,4.773684211e+01,1.000000000e+01,1.300000000e+00,INTERIOR,a77,-1.303859135e-01,-1.352477480e-02,-1.439106883e-01,False,B_NONOUTWARD__TOTAL_INWARD,True,True,INWARD,TOTAL_INWARD
J1_A77_B140,137,75,1,4.847368421e+01,9.868421053e+00,1.300000000e+00,INTERIOR,a77,-1.204919915e-01,-2.017987133e-02,-1.406718628e-01,False,B_NONOUTWARD__TOTAL_INWARD,False,True,,
J1_A77_B140,137,76,1,4.847368421e+01,1.000000000e+01,1.300000000e+00,INTERIOR,a77,-1.382202548e-01,-6.794827251e-03,-1.450150820e-01,False,B_NONOUTWARD__TOTAL_INWARD,True,True,INWARD,TOTAL_INWARD
J1_A77_B140,138,75,1,4.884210526e+01,9.868421053e+00,1.300000000e+00,INTERIOR,a77,-1.287869526e-01,-1.190551914e-02,-1.406924718e-01,False,B_NONOUTWARD__TOTAL_INWARD,False,True,,
J1_A77_B140,138,76,1,4.884210526e+01,1.000000000e+01,1.300000000e+00,INTERIOR,a77,-1.471666278e-01,2.169234979e-03,-1.449973928e-01,True,B_OUTWARD__TOTAL_INWARD,True,True,INWARD,TOTAL_INWARD
J1_A77_B140,139,73,0,4.921052632e+01,9.605263158e+00,8.000000000e-01,TOP,a77,-8.585803693e-02,-4.177193936e-01,-5.035774305e-01,False,B_NONOUTWARD__TOTAL_INWARD,False,False,,
J1_A77_B140,139,73,1,4.921052632e+01,9.605263158e+00,1.300000000e+00,TOP,a77,-8.704694872e-02,-4.240428507e-02,-1.294512338e-01,False,B_NONOUTWARD__TOTAL_INWARD,False,False,,
J1_A77_B140,139,74,0,4.921052632e+01,9.736842105e+00,8.000000000e-01,TOP,a77,-1.151545845e-01,-3.938605108e-01,-5.090150954e-01,False,B_NONOUTWARD__TOTAL_INWARD,False,False,,
J1_A77_B140,139,74,1,4.921052632e+01,9.736842105e+00,1.300000000e+00,TOP,a77,-1.167240378e-01,-1.813036383e-02,-1.348544017e-01,False,B_NONOUTWARD__TOTAL_INWARD,False,False,,
J1_A77_B140,139,75,0,4.921052632e+01,9.868421053e+00,8.000000000e-01,TOP,a77,-1.411737193e-01,-3.731143066e-01,-5.142880259e-01,False,B_NONOUTWARD__TOTAL_INWARD,False,False,,
J1_A77_B140,139,75,1,4.921052632e+01,9.868421053e+00,1.300000000e+00,TOP,a77,-1.432371347e-01,3.118098535e-03,-1.401190362e-01,True,B_OUTWARD__TOTAL_INWARD,False,True,,
J1_A77_B140,139,76,0,4.921052632e+01,1.000000000e+01,8.000000000e-01,TOP,a77,-1.592650531e-01,-3.592597237e-01,-5.185247769e-01,False,B_NONOUTWARD__TOTAL_INWARD,False,False,,
J1_A77_B140,139,76,1,4.921052632e+01,1.000000000e+01,1.300000000e+00,TOP,a77,-1.619602544e-01,1.758505363e-02,-1.443752008e-01,True,B_OUTWARD__TOTAL_INWARD,True,True,INWARD,TOTAL_INWARD
J2_A77_B160,159,73,0,5.657894737e+01,9.605263158e+00,8.000000000e-01,TOP,a77,-8.475213254e-02,-4.326286183e-01,-5.173807508e-01,False,B_NONOUTWARD__TOTAL_INWARD,False,False,,
J2_A77_B160,159,73,1,5.657894737e+01,9.605263158e+00,1.300000000e+00,TOP,a77,-8.587238012e-02,-6.589754478e-02,-1.517699249e-01,False,B_NONOUTWARD__TOTAL_INWARD,False,False,,
J2_A77_B160,159,74,0,5.657894737e+01,9.736842105e+00,8.000000000e-01,TOP,a77,-1.140454428e-01,-4.087873052e-01,-5.228327480e-01,False,B_NONOUTWARD__TOTAL_INWARD,False,False,,
J2_A77_B160,159,74,1,5.657894737e+01,9.736842105e+00,1.300000000e+00,TOP,a77,-1.155122611e-01,-4.167611663e-02,-1.571883778e-01,False,B_NONOUTWARD__TOTAL_INWARD,False,False,,
J2_A77_B160,159,75,0,5.657894737e+01,9.868421053e+00,8.000000000e-01,TOP,a77,-1.400762738e-01,-3.880477456e-01,-5.281240194e-01,False,B_NONOUTWARD__TOTAL_INWARD,False,False,,
J2_A77_B160,159,75,1,5.657894737e+01,9.868421053e+00,1.300000000e+00,TOP,a77,-1.419923266e-01,-2.047753391e-02,-1.624698605e-01,False,B_NONOUTWARD__TOTAL_INWARD,False,False,,
J2_A77_B160,159,76,0,5.657894737e+01,1.000000000e+01,8.000000000e-01,TOP,a77,-1.582200388e-01,-3.741688922e-01,-5.323889310e-01,False,B_NONOUTWARD__TOTAL_INWARD,False,False,,
J2_A77_B160,159,76,1,5.657894737e+01,1.000000000e+01,1.300000000e+00,TOP,a77,-1.607083898e-01,-6.041441309e-03,-1.667498311e-01,False,B_NONOUTWARD__TOTAL_INWARD,False,False,,
J3_A153_B120,115,147,1,4.036842105e+01,9.671052632e+00,1.300000000e+00,INTERIOR,a153,-9.016230550e-02,-2.125047114e-02,-1.114127766e-01,False,B_NONOUTWARD__TOTAL_INWARD,False,True,,
J3_A153_B120,115,148,1,4.036842105e+01,9.736842105e+00,1.300000000e+00,INTERIOR,a153,-1.070325602e-01,-7.758760988e-03,-1.147913212e-01,False,B_NONOUTWARD__TOTAL_INWARD,True,True,INWARD,TOTAL_INWARD
J3_A153_B120,115,149,1,4.036842105e+01,9.802631579e+00,1.300000000e+00,INTERIOR,a153,-1.234591336e-01,5.255308593e-03,-1.182038250e-01,True,B_OUTWARD__TOTAL_INWARD,True,True,INWARD,TOTAL_INWARD
J3_A153_B120,115,150,1,4.036842105e+01,9.868421053e+00,1.300000000e+00,INTERIOR,a153,-1.387796332e-01,1.725071949e-02,-1.215289137e-01,True,B_OUTWARD__TOTAL_INWARD,True,True,INWARD,TOTAL_INWARD
J3_A153_B120,115,151,1,4.036842105e+01,9.934210526e+00,1.300000000e+00,INTERIOR,a153,-1.517844523e-01,2.724569036e-02,-1.245387620e-01,True,B_OUTWARD__TOTAL_INWARD,True,True,INWARD,TOTAL_INWARD
J3_A153_B120,115,152,1,4.036842105e+01,1.000000000e+01,1.300000000e+00,INTERIOR,a153,-1.602504871e-01,3.343957800e-02,-1.268109091e-01,True,B_OUTWARD__TOTAL_INWARD,True,True,INWARD,TOTAL_INWARD
J3_A153_B120,117,147,1,4.110526316e+01,9.671052632e+00,1.300000000e+00,INTERIOR,a153,-9.536801046e-02,-1.712373049e-02,-1.124917409e-01,False,B_NONOUTWARD__TOTAL_INWARD,False,True,,
J3_A153_B120,117,148,1,4.110526316e+01,9.736842105e+00,1.300000000e+00,INTERIOR,a153,-1.125632444e-01,-3.230761525e-03,-1.157940060e-01,False,B_NONOUTWARD__TOTAL_INWARD,True,True,INWARD,TOTAL_INWARD
J3_A153_B120,117,149,1,4.110526316e+01,9.802631579e+00,1.300000000e+00,INTERIOR,a153,-1.293595852e-01,1.022195061e-02,-1.191376345e-01,True,B_OUTWARD__TOTAL_INWARD,True,True,INWARD,TOTAL_INWARD
J3_A153_B120,117,150,1,4.110526316e+01,9.868421053e+00,1.300000000e+00,INTERIOR,a153,-1.451152237e-01,2.270979287e-02,-1.224054309e-01,True,B_OUTWARD__TOTAL_INWARD,True,True,INWARD,TOTAL_INWARD
J3_A153_B120,117,151,1,4.110526316e+01,9.934210526e+00,1.300000000e+00,INTERIOR,a153,-1.586468621e-01,3.327284609e-02,-1.253740160e-01,True,B_OUTWARD__TOTAL_INWARD,True,True,INWARD,TOTAL_INWARD
J3_A153_B120,117,152,1,4.110526316e+01,1.000000000e+01,1.300000000e+00,INTERIOR,a153,-1.677573002e-01,4.013439311e-02,-1.276229071e-01,True,B_OUTWARD__TOTAL_INWARD,True,True,INWARD,TOTAL_INWARD
J3_A153_B120,118,147,1,4.147368421e+01,9.671052632e+00,1.300000000e+00,INTERIOR,a153,-1.025772054e-01,-9.826630700e-03,-1.124038361e-01,False,B_NONOUTWARD__TOTAL_INWARD,False,True,,
J3_A153_B120,118,148,1,4.147368421e+01,9.736842105e+00,1.300000000e+00,INTERIOR,a153,-1.199452731e-01,4.295571428e-03,-1.156497016e-01,True,B_OUTWARD__TOTAL_INWARD,True,True,INWARD,TOTAL_INWARD
J3_A153_B120,118,149,1,4.147368421e+01,9.802631579e+00,1.300000000e+00,INTERIOR,a153,-1.369459705e-01,1.800126012e-02,-1.189447104e-01,True,B_OUTWARD__TOTAL_INWARD,True,True,INWARD,TOTAL_INWARD
J3_A153_B120,118,150,1,4.147368421e+01,9.868421053e+00,1.300000000e+00,INTERIOR,a153,-1.529518504e-01,3.077773454e-02,-1.221741159e-01,True,B_OUTWARD__TOTAL_INWARD,True,True,INWARD,TOTAL_INWARD
J3_A153_B120,118,151,1,4.147368421e+01,9.934210526e+00,1.300000000e+00,INTERIOR,a153,-1.667919515e-01,4.167640174e-02,-1.251155498e-01,True,B_OUTWARD__TOTAL_INWARD,True,True,INWARD,TOTAL_INWARD
J3_A153_B120,118,152,1,4.147368421e+01,1.000000000e+01,1.300000000e+00,INTERIOR,a153,-1.762644607e-01,4.892091231e-02,-1.273435484e-01,True,B_OUTWARD__TOTAL_INWARD,True,True,INWARD,TOTAL_INWARD
J3_A153_B120,119,146,0,4.184210526e+01,9.605263158e+00,8.000000000e-01,TOP,a153,-9.834617612e-02,-3.937170137e-01,-4.920631898e-01,False,B_NONOUTWARD__TOTAL_INWARD,False,False,,
J3_A153_B120,119,146,1,4.184210526e+01,9.605263158e+00,1.300000000e+00,TOP,a153,-9.874094007e-02,-9.871459599e-03,-1.086123997e-01,False,B_NONOUTWARD__TOTAL_INWARD,False,False,,
J3_A153_B120,119,147,1,4.184210526e+01,9.671052632e+00,1.300000000e+00,TOP,a153,-1.160287227e-01,4.353314391e-03,-1.116754083e-01,True,B_OUTWARD__TOTAL_INWARD,False,True,,
J3_A153_B120,119,148,0,4.184210526e+01,9.736842105e+00,8.000000000e-01,TOP,a153,-1.327007016e-01,-3.656963025e-01,-4.983970041e-01,False,B_NONOUTWARD__TOTAL_INWARD,False,False,,
J3_A153_B120,119,148,1,4.184210526e+01,9.736842105e+00,1.300000000e+00,TOP,a153,-1.333286705e-01,1.847327678e-02,-1.148553937e-01,True,B_OUTWARD__TOTAL_INWARD,True,True,INWARD,TOTAL_INWARD
J3_A153_B120,119,149,1,4.184210526e+01,9.802631579e+00,1.300000000e+00,TOP,a153,-1.503161875e-01,3.221944759e-02,-1.180967399e-01,True,B_OUTWARD__TOTAL_INWARD,True,True,INWARD,TOTAL_INWARD
J3_A153_B120,119,150,0,4.184210526e+01,9.868421053e+00,8.000000000e-01,TOP,a153,-1.653792751e-01,-3.395091041e-01,-5.048883792e-01,False,B_NONOUTWARD__TOTAL_INWARD,False,False,,
J3_A153_B120,119,150,1,4.184210526e+01,9.868421053e+00,1.300000000e+00,TOP,a153,-1.663817264e-01,4.509449740e-02,-1.212872290e-01,True,B_OUTWARD__TOTAL_INWARD,True,True,INWARD,TOTAL_INWARD
J3_A153_B120,119,151,1,4.184210526e+01,9.934210526e+00,1.300000000e+00,TOP,a153,-1.803649440e-01,5.616085431e-02,-1.242040897e-01,True,B_OUTWARD__TOTAL_INWARD,True,True,INWARD,TOTAL_INWARD
J3_A153_B120,119,152,0,4.184210526e+01,1.000000000e+01,8.000000000e-01,TOP,a153,-1.884136473e-01,-3.216065148e-01,-5.100201621e-01,False,B_NONOUTWARD__TOTAL_INWARD,False,False,,
J3_A153_B120,119,152,1,4.184210526e+01,1.000000000e+01,1.300000000e+00,TOP,a153,-1.900360420e-01,6.362594624e-02,-1.264100957e-01,True,B_OUTWARD__TOTAL_INWARD,True,True,INWARD,TOTAL_INWARD
J4_A153_B140,135,149,1,4.773684211e+01,9.802631579e+00,1.300000000e+00,INTERIOR,a153,-1.232583671e-01,-1.862652369e-02,-1.418848907e-01,False,B_NONOUTWARD__TOTAL_INWARD,False,True,,
J4_A153_B140,135,150,1,4.773684211e+01,9.868421053e+00,1.300000000e+00,INTERIOR,a153,-1.385855334e-01,-6.627373747e-03,-1.452129072e-01,False,B_NONOUTWARD__TOTAL_INWARD,True,True,INWARD,TOTAL_INWARD
J4_A153_B140,135,151,1,4.773684211e+01,9.934210526e+00,1.300000000e+00,INTERIOR,a153,-1.516126381e-01,3.383559650e-03,-1.482290784e-01,True,B_OUTWARD__TOTAL_INWARD,True,True,INWARD,TOTAL_INWARD
J4_A153_B140,135,152,1,4.773684211e+01,1.000000000e+01,1.300000000e+00,INTERIOR,a153,-1.601307631e-01,9.617233924e-03,-1.505135292e-01,True,B_OUTWARD__TOTAL_INWARD,True,True,INWARD,TOTAL_INWARD
J4_A153_B140,137,149,1,4.847368421e+01,9.802631579e+00,1.300000000e+00,INTERIOR,a153,-1.286848847e-01,-1.415577900e-02,-1.428406637e-01,False,B_NONOUTWARD__TOTAL_INWARD,False,True,,
J4_A153_B140,137,150,1,4.847368421e+01,9.868421053e+00,1.300000000e+00,INTERIOR,a153,-1.444182978e-01,-1.697376020e-03,-1.461156738e-01,False,B_NONOUTWARD__TOTAL_INWARD,True,True,INWARD,TOTAL_INWARD
J4_A153_B140,137,151,1,4.847368421e+01,9.934210526e+00,1.300000000e+00,INTERIOR,a153,-1.579341816e-01,8.841050347e-03,-1.490931312e-01,True,B_OUTWARD__TOTAL_INWARD,True,True,INWARD,TOTAL_INWARD
J4_A153_B140,137,152,1,4.847368421e+01,1.000000000e+01,1.300000000e+00,INTERIOR,a153,-1.670461563e-01,1.569131254e-02,-1.513548437e-01,True,B_OUTWARD__TOTAL_INWARD,True,True,INWARD,TOTAL_INWARD
J4_A153_B140,138,149,1,4.884210526e+01,9.802631579e+00,1.300000000e+00,INTERIOR,a153,-1.359148368e-01,-6.784002347e-03,-1.426988391e-01,False,B_NONOUTWARD__TOTAL_INWARD,False,True,,
J4_A153_B140,138,150,1,4.884210526e+01,9.868421053e+00,1.300000000e+00,INTERIOR,a153,-1.518931995e-01,5.956805927e-03,-1.459363936e-01,True,B_OUTWARD__TOTAL_INWARD,True,True,INWARD,TOTAL_INWARD
J4_A153_B140,138,151,1,4.884210526e+01,9.934210526e+00,1.300000000e+00,INTERIOR,a153,-1.657082776e-01,1.682136724e-02,-1.488869103e-01,True,B_OUTWARD__TOTAL_INWARD,True,True,INWARD,TOTAL_INWARD
J4_A153_B140,138,152,1,4.884210526e+01,1.000000000e+01,1.300000000e+00,INTERIOR,a153,-1.751689166e-01,2.404148488e-02,-1.511274317e-01,True,B_OUTWARD__TOTAL_INWARD,True,True,INWARD,TOTAL_INWARD
J4_A153_B140,139,146,0,4.921052632e+01,9.605263158e+00,8.000000000e-01,TOP,a153,-9.709439325e-02,-4.095243641e-01,-5.066187574e-01,False,B_NONOUTWARD__TOTAL_INWARD,False,False,,
J4_A153_B140,139,146,1,4.921052632e+01,9.605263158e+00,1.300000000e+00,TOP,a153,-9.751837907e-02,-3.488672505e-02,-1.324051041e-01,False,B_NONOUTWARD__TOTAL_INWARD,False,False,,
J4_A153_B140,139,148,0,4.921052632e+01,9.736842105e+00,8.000000000e-01,TOP,a153,-1.314368771e-01,-3.815272671e-01,-5.129641442e-01,False,B_NONOUTWARD__TOTAL_INWARD,False,False,,
J4_A153_B140,139,148,1,4.921052632e+01,9.736842105e+00,1.300000000e+00,TOP,a153,-1.320750133e-01,-6.590346531e-03,-1.386653598e-01,False,B_NONOUTWARD__TOTAL_INWARD,False,False,,
J4_A153_B140,139,149,1,4.921052632e+01,9.802631579e+00,1.300000000e+00,TOP,a153,-1.490410022e-01,7.126612376e-03,-1.419143899e-01,True,B_OUTWARD__TOTAL_INWARD,False,True,,
J4_A153_B140,139,150,0,4.921052632e+01,9.868421053e+00,8.000000000e-01,TOP,a153,-1.640988765e-01,-3.553687057e-01,-5.194675822e-01,False,B_NONOUTWARD__TOTAL_INWARD,False,False,,
J4_A153_B140,139,150,1,4.921052632e+01,9.868421053e+00,1.300000000e+00,TOP,a153,-1.650810944e-01,1.996897737e-02,-1.451121171e-01,True,B_OUTWARD__TOTAL_INWARD,True,True,INWARD,TOTAL_INWARD
J4_A153_B140,139,151,1,4.921052632e+01,9.934210526e+00,1.300000000e+00,TOP,a153,-1.790382778e-01,3.100155186e-02,-1.480367260e-01,True,B_OUTWARD__TOTAL_INWARD,True,True,INWARD,TOTAL_INWARD
J4_A153_B140,139,152,0,4.921052632e+01,1.000000000e+01,8.000000000e-01,TOP,a153,-1.871463207e-01,-3.374740354e-01,-5.246203561e-01,False,B_NONOUTWARD__TOTAL_INWARD,False,False,,
J4_A153_B140,139,152,1,4.921052632e+01,1.000000000e+01,1.300000000e+00,TOP,a153,-1.886941469e-01,3.844034001e-02,-1.502538069e-01,True,B_OUTWARD__TOTAL_INWARD,True,True,INWARD,TOTAL_INWARD
J5_A153_B160,155,151,1,5.510526316e+01,9.934210526e+00,1.300000000e+00,INTERIOR,a153,-1.514857608e-01,-1.891612249e-02,-1.704018833e-01,False,B_NONOUTWARD__TOTAL_INWARD,False,True,,
J5_A153_B160,155,152,1,5.510526316e+01,1.000000000e+01,1.300000000e+00,INTERIOR,a153,-1.600524542e-01,-1.264679155e-02,-1.726992458e-01,False,B_NONOUTWARD__TOTAL_INWARD,True,True,INWARD,TOTAL_INWARD
J5_A153_B160,157,151,1,5.584210526e+01,9.934210526e+00,1.300000000e+00,INTERIOR,a153,-1.573373871e-01,-1.397451831e-02,-1.713119054e-01,False,B_NONOUTWARD__TOTAL_INWARD,False,True,,
J5_A153_B160,157,152,1,5.584210526e+01,1.000000000e+01,1.300000000e+00,INTERIOR,a153,-1.664537099e-01,-7.133098607e-03,-1.735868085e-01,False,B_NONOUTWARD__TOTAL_INWARD,True,True,INWARD,TOTAL_INWARD
J5_A153_B160,158,151,1,5.621052632e+01,9.934210526e+00,1.300000000e+00,INTERIOR,a153,-1.647738117e-01,-6.385229658e-03,-1.711590413e-01,False,B_NONOUTWARD__TOTAL_INWARD,False,True,,
J5_A153_B160,158,152,1,5.621052632e+01,1.000000000e+01,1.300000000e+00,INTERIOR,a153,-1.742260246e-01,8.136253616e-04,-1.734123992e-01,True,B_OUTWARD__TOTAL_INWARD,True,True,INWARD,TOTAL_INWARD
J5_A153_B160,159,146,0,5.657894737e+01,9.605263158e+00,8.000000000e-01,TOP,a153,-9.600020672e-02,-4.243846588e-01,-5.203848655e-01,False,B_NONOUTWARD__TOTAL_INWARD,False,False,,
J5_A153_B160,159,146,1,5.657894737e+01,9.605263158e+00,1.300000000e+00,TOP,a153,-9.644029773e-02,-5.825323742e-02,-1.546935351e-01,False,B_NONOUTWARD__TOTAL_INWARD,False,False,,
J5_A153_B160,159,148,0,5.657894737e+01,9.736842105e+00,8.000000000e-01,TOP,a153,-1.303306996e-01,-3.964126390e-01,-5.267433386e-01,False,B_NONOUTWARD__TOTAL_INWARD,False,False,,
J5_A153_B160,159,148,1,5.657894737e+01,9.736842105e+00,1.300000000e+00,TOP,a153,-1.309686578e-01,-3.000302364e-02,-1.609716814e-01,False,B_NONOUTWARD__TOTAL_INWARD,False,False,,
J5_A153_B160,159,150,0,5.657894737e+01,9.868421053e+00,8.000000000e-01,TOP,a153,-1.629775515e-01,-3.702828514e-01,-5.332604029e-01,False,B_NONOUTWARD__TOTAL_INWARD,False,False,,
J5_A153_B160,159,150,1,5.657894737e+01,9.868421053e+00,1.300000000e+00,TOP,a153,-1.639332858e-01,-3.501146757e-03,-1.674344325e-01,False,B_NONOUTWARD__TOTAL_INWARD,False,False,,
J5_A153_B160,159,151,1,5.657894737e+01,9.934210526e+00,1.300000000e+00,TOP,a153,-1.778682098e-01,7.500771578e-03,-1.703674383e-01,True,B_OUTWARD__TOTAL_INWARD,False,True,,
J5_A153_B160,159,152,0,5.657894737e+01,1.000000000e+01,8.000000000e-01,TOP,a153,-1.860377816e-01,-3.523972065e-01,-5.384349881e-01,False,B_NONOUTWARD__TOTAL_INWARD,False,False,,
J5_A153_B160,159,152,1,5.657894737e+01,1.000000000e+01,1.300000000e+00,TOP,a153,-1.875122934e-01,1.491625647e-02,-1.725960369e-01,True,B_OUTWARD__TOTAL_INWARD,True,True,INWARD,TOTAL_INWARD
