r_a,r_b,L,finite_before,stage_before,old_transfer_foc_guard_failure_before,finite_after,stage_after,hjb_converged_after,hjb_iterations_after,hjb_statistic_after,hjb_exception_class_after,hjb_exception_message_after,kfe_reached_after,kfe_exception_class_after,kfe_exception_message_after,agg_reached_after,agg_finite_after,kfe_mass_error_after,hjb_warnings_after,kfe_warnings_after
0.0,-0.05,0.2,0,3,1,1,FULL_FINITE,1,14,4.243244333679286e-08,,,1,,,1,1,1.1102230246251565e-16,,
0.0,-0.05,0.55,0,3,1,1,FULL_FINITE,1,14,4.194512115418547e-08,,,1,,,1,1,1.1102230246251565e-16,,
0.0,-0.05,0.8999999999999999,0,3,1,1,FULL_FINITE,1,14,3.6200727748791905e-08,,,1,,,1,1,4.440892098500626e-16,,
0.0,-0.05,1.2499999999999998,0,3,1,1,FULL_FINITE,1,14,2.8971253840381905e-08,,,1,,,1,1,2.220446049250313e-16,,
0.0,-0.05,1.5999999999999999,0,3,1,1,FULL_FINITE,1,14,9.763066799450826e-09,,,1,,,1,1,1.1102230246251565e-16,,
0.0,-0.05,1.95,0,3,1,1,FULL_FINITE,1,14,5.0429989073563775e-09,,,1,,,1,1,1.1102230246251565e-16,,
0.0,-0.05,2.3,0,3,1,0,KFE_CONTAMINATED_ROW_SINGULAR_NONFINITE,1,13,6.207053004914087e-08,,,0,ValueError,faithful contaminated-row solve is non-finite,,,,,MatrixRankWarning
0.0,-0.05,2.65,0,3,1,1,FULL_FINITE,1,13,6.497890225887204e-08,,,1,,,1,1,1.1102230246251565e-16,,
0.0,-0.05,3.0,0,3,1,1,FULL_FINITE,1,13,9.854603888470592e-08,,,1,,,1,1,1.1102230246251565e-16,,
0.0,-0.03125,0.2,0,3,1,1,FULL_FINITE,1,14,2.742510218922689e-08,,,1,,,1,1,1.1102230246251565e-16,,
0.0,-0.03125,0.55,0,3,1,1,FULL_FINITE,1,14,6.713146660786151e-08,,,1,,,1,1,1.1102230246251565e-16,,
0.0,-0.03125,0.8999999999999999,0,3,1,1,FULL_FINITE,1,14,7.198304174949044e-08,,,1,,,1,1,4.440892098500626e-16,,
0.0,-0.03125,1.2499999999999998,0,3,1,1,FULL_FINITE,1,14,6.485805315037396e-08,,,1,,,1,1,1.1102230246251565e-16,,
0.0,-0.03125,1.5999999999999999,0,3,1,1,FULL_FINITE,1,14,5.465512131763717e-08,,,1,,,1,1,1.1102230246251565e-16,,
0.0,-0.03125,1.95,0,3,1,1,FULL_FINITE,1,14,4.3099753099795635e-08,,,1,,,1,1,2.220446049250313e-16,,
0.0,-0.03125,2.3,0,3,1,1,FULL_FINITE,1,14,1.5459676205864525e-08,,,1,,,1,1,2.220446049250313e-16,,
0.0,-0.03125,2.65,0,3,1,1,FULL_FINITE,1,14,1.2181615716144734e-08,,,1,,,1,1,1.1102230246251565e-16,,
0.0,-0.03125,3.0,0,3,1,1,FULL_FINITE,1,14,9.24689658177158e-09,,,1,,,1,1,1.1102230246251565e-16,,
0.0,-0.012499999999999997,0.2,0,3,1,1,FULL_FINITE,1,14,1.5367142225386488e-08,,,1,,,1,1,1.1102230246251565e-16,,
0.0,-0.012499999999999997,0.55,0,3,1,1,FULL_FINITE,1,14,2.75677152217213e-08,,,1,,,1,1,2.220446049250313e-16,,
0.0,-0.012499999999999997,0.8999999999999999,0,3,1,1,FULL_FINITE,1,14,7.057430906343143e-08,,,1,,,1,1,1.1102230246251565e-16,,
0.0,-0.012499999999999997,1.2499999999999998,0,3,1,1,FULL_FINITE,1,15,7.670326596098676e-09,,,1,,,1,1,2.220446049250313e-16,,
0.0,-0.012499999999999997,1.5999999999999999,0,3,1,1,FULL_FINITE,1,15,6.8569399047646584e-09,,,1,,,1,1,2.220446049250313e-16,,
0.0,-0.012499999999999997,1.95,0,3,1,1,FULL_FINITE,1,15,5.783022061223164e-09,,,1,,,1,1,2.220446049250313e-16,,
0.0,-0.012499999999999997,2.3,0,3,1,1,FULL_FINITE,1,14,9.865446415346923e-08,,,1,,,1,1,1.1102230246251565e-16,,
0.0,-0.012499999999999997,2.65,0,3,1,1,FULL_FINITE,1,14,7.72796653336627e-08,,,1,,,1,1,1.1102230246251565e-16,,
0.0,-0.012499999999999997,3.0,0,3,1,1,FULL_FINITE,1,14,5.868841057576901e-08,,,1,,,1,1,4.440892098500626e-16,,
0.0,0.0062500000000000056,0.2,1,FINITE,0,1,FULL_FINITE,1,10,2.6952861276186013e-08,,,1,,,1,1,1.1102230246251565e-16,,
0.0,0.0062500000000000056,0.55,1,FINITE,0,1,FULL_FINITE,1,10,2.4605181891956818e-08,,,1,,,1,1,1.1102230246251565e-16,,
0.0,0.0062500000000000056,0.8999999999999999,1,FINITE,0,1,FULL_FINITE,1,10,2.338972748816559e-08,,,1,,,1,1,1.1102230246251565e-16,,
0.0,0.0062500000000000056,1.2499999999999998,1,FINITE,0,1,FULL_FINITE,1,10,3.011459881463452e-08,,,1,,,1,1,1.1102230246251565e-16,,
0.0,0.0062500000000000056,1.5999999999999999,1,FINITE,0,1,FULL_FINITE,1,10,4.455390012481075e-08,,,1,,,1,1,4.440892098500626e-16,,
0.0,0.0062500000000000056,1.95,1,FINITE,0,1,FULL_FINITE,1,10,6.868652846492296e-08,,,1,,,1,1,1.1102230246251565e-16,,
0.0,0.0062500000000000056,2.3,1,FINITE,0,1,FULL_FINITE,1,11,5.166594263528168e-09,,,1,,,1,1,2.220446049250313e-16,,
0.0,0.0062500000000000056,2.65,1,FINITE,0,1,FULL_FINITE,1,11,5.117119172837192e-09,,,1,,,1,1,2.220446049250313e-16,,
0.0,0.0062500000000000056,3.0,1,FINITE,0,1,FULL_FINITE,1,10,9.422689473126411e-08,,,1,,,1,1,1.1102230246251565e-16,,
0.0,0.02500000000000001,0.2,0,6,0,0,KFE_CONTAMINATED_ROW_SINGULAR_NONFINITE,1,10,5.0820656127825714e-08,,,0,ValueError,faithful contaminated-row solve is non-finite,,,,,MatrixRankWarning
0.0,0.02500000000000001,0.55,0,6,0,0,KFE_CONTAMINATED_ROW_SINGULAR_NONFINITE,1,11,1.0135316586001863e-08,,,0,ValueError,faithful contaminated-row solve is non-finite,,,,,MatrixRankWarning
0.0,0.02500000000000001,0.8999999999999999,1,FINITE,0,1,FULL_FINITE,1,11,1.5304632228207993e-08,,,1,,,1,1,1.1102230246251565e-16,,
0.0,0.02500000000000001,1.2499999999999998,1,FINITE,0,1,FULL_FINITE,1,11,1.2302894702997946e-08,,,1,,,1,1,1.1102230246251565e-16,,
0.0,0.02500000000000001,1.5999999999999999,1,FINITE,0,1,FULL_FINITE,1,11,1.2271197391555688e-08,,,1,,,1,1,1.1102230246251565e-16,,
0.0,0.02500000000000001,1.95,0,6,0,0,KFE_CONTAMINATED_ROW_SINGULAR_NONFINITE,1,10,3.894321665143252e-08,,,0,ValueError,faithful contaminated-row solve is non-finite,,,,,MatrixRankWarning
0.0,0.02500000000000001,2.3,1,FINITE,0,1,FULL_FINITE,1,10,1.3741139781586753e-08,,,1,,,1,1,1.1102230246251565e-16,,
0.0,0.02500000000000001,2.65,1,FINITE,0,1,FULL_FINITE,1,9,7.137612811902727e-08,,,1,,,1,1,1.1102230246251565e-16,,
0.0,0.02500000000000001,3.0,1,FINITE,0,1,FULL_FINITE,1,9,3.957272909360654e-08,,,1,,,1,1,1.1102230246251565e-16,,
0.0,0.04375000000000001,0.2,1,FINITE,0,1,FULL_FINITE,1,11,5.812896830548198e-09,,,1,,,1,1,2.220446049250313e-16,,
0.0,0.04375000000000001,0.55,1,FINITE,0,1,FULL_FINITE,1,11,3.231604139841693e-08,,,1,,,1,1,1.1102230246251565e-16,,
0.0,0.04375000000000001,0.8999999999999999,1,FINITE,0,1,FULL_FINITE,1,11,1.403801519472836e-08,,,1,,,1,1,2.220446049250313e-16,,
0.0,0.04375000000000001,1.2499999999999998,1,FINITE,0,1,FULL_FINITE,1,11,6.677481678707409e-09,,,1,,,1,1,2.220446049250313e-16,,
0.0,0.04375000000000001,1.5999999999999999,1,FINITE,0,1,FULL_FINITE,1,10,9.072931916875859e-08,,,1,,,1,1,1.1102230246251565e-16,,
0.0,0.04375000000000001,1.95,1,FINITE,0,1,FULL_FINITE,1,10,7.868772300412274e-08,,,1,,,1,1,2.220446049250313e-16,,
0.0,0.04375000000000001,2.3,1,FINITE,0,1,FULL_FINITE,1,11,4.101263328948335e-09,,,1,,,1,1,2.220446049250313e-16,,
0.0,0.04375000000000001,2.65,1,FINITE,0,1,FULL_FINITE,1,11,5.158771188007449e-09,,,1,,,1,1,1.1102230246251565e-16,,
0.0,0.04375000000000001,3.0,1,FINITE,0,1,FULL_FINITE,1,11,8.455451450117835e-09,,,1,,,1,1,1.1102230246251565e-16,,
0.0,0.06250000000000001,0.2,1,FINITE,0,1,FULL_FINITE,1,11,5.363408561720462e-08,,,1,,,1,1,2.220446049250313e-16,,
0.0,0.06250000000000001,0.55,1,FINITE,0,1,FULL_FINITE,1,11,2.873363769140269e-08,,,1,,,1,1,1.1102230246251565e-16,,
0.0,0.06250000000000001,0.8999999999999999,1,FINITE,0,1,FULL_FINITE,1,11,1.5047064039208635e-08,,,1,,,1,1,1.1102230246251565e-16,,
0.0,0.06250000000000001,1.2499999999999998,1,FINITE,0,1,FULL_FINITE,1,11,7.672909418943163e-09,,,1,,,1,1,1.1102230246251565e-16,,
0.0,0.06250000000000001,1.5999999999999999,1,FINITE,0,1,FULL_FINITE,1,10,8.555321784342595e-08,,,1,,,1,1,1.1102230246251565e-16,,
0.0,0.06250000000000001,1.95,1,FINITE,0,1,FULL_FINITE,1,10,6.002127861393092e-08,,,1,,,1,1,4.440892098500626e-16,,
0.0,0.06250000000000001,2.3,1,FINITE,0,1,FULL_FINITE,1,11,1.1068607363995397e-08,,,1,,,1,1,2.220446049250313e-16,,
0.0,0.06250000000000001,2.65,1,FINITE,0,1,FULL_FINITE,1,11,8.242402316227526e-09,,,1,,,1,1,1.1102230246251565e-16,,
0.0,0.06250000000000001,3.0,1,FINITE,0,1,FULL_FINITE,1,11,6.411420727658879e-09,,,1,,,1,1,2.220446049250313e-16,,
0.0,0.08125000000000003,0.2,1,FINITE,0,1,FULL_FINITE,1,11,1.8070323903884855e-08,,,1,,,1,1,1.1102230246251565e-16,,
0.0,0.08125000000000003,0.55,1,FINITE,0,1,FULL_FINITE,1,11,1.3575327528769776e-08,,,1,,,1,1,1.1102230246251565e-16,,
0.0,0.08125000000000003,0.8999999999999999,1,FINITE,0,1,FULL_FINITE,1,11,1.980579256155579e-08,,,1,,,1,1,1.1102230246251565e-16,,
0.0,0.08125000000000003,1.2499999999999998,1,FINITE,0,1,FULL_FINITE,1,11,3.118233848908858e-08,,,1,,,1,1,1.1102230246251565e-16,,
0.0,0.08125000000000003,1.5999999999999999,1,FINITE,0,1,FULL_FINITE,1,11,2.0337960648930675e-08,,,1,,,1,1,2.220446049250313e-16,,
0.0,0.08125000000000003,1.95,1,FINITE,0,1,FULL_FINITE,1,11,1.2896578027721262e-08,,,1,,,1,1,2.220446049250313e-16,,
0.0,0.08125000000000003,2.3,1,FINITE,0,1,FULL_FINITE,1,11,7.498787368831472e-09,,,1,,,1,1,4.440892098500626e-16,,
0.0,0.08125000000000003,2.65,1,FINITE,0,1,FULL_FINITE,1,10,8.830715714225335e-08,,,1,,,1,1,2.220446049250313e-16,,
0.0,0.08125000000000003,3.0,1,FINITE,0,1,FULL_FINITE,1,11,5.240089251401514e-09,,,1,,,1,1,2.220446049250313e-16,,
0.0,0.1,0.2,1,FINITE,0,1,FULL_FINITE,1,11,1.1755208362274061e-08,,,1,,,1,1,1.1102230246251565e-16,,
0.0,0.1,0.55,1,FINITE,0,1,FULL_FINITE,1,11,6.077257808101422e-09,,,1,,,1,1,2.220446049250313e-16,,
0.0,0.1,0.8999999999999999,0,6,0,0,KFE_CONTAMINATED_ROW_SINGULAR_NONFINITE,1,11,8.662983219664966e-09,,,0,ValueError,faithful contaminated-row solve is non-finite,,,,,MatrixRankWarning
0.0,0.1,1.2499999999999998,0,6,0,0,KFE_CONTAMINATED_ROW_SINGULAR_NONFINITE,1,11,8.947310448093049e-09,,,0,ValueError,faithful contaminated-row solve is non-finite,,,,,MatrixRankWarning
0.0,0.1,1.5999999999999999,1,FINITE,0,1,FULL_FINITE,1,11,1.508614388967544e-08,,,1,,,1,1,1.1102230246251565e-16,,
0.0,0.1,1.95,1,FINITE,0,1,FULL_FINITE,1,10,8.500047599113714e-08,,,1,,,1,1,1.1102230246251565e-16,,
0.0,0.1,2.3,1,FINITE,0,1,FULL_FINITE,1,10,7.1066992290980124e-09,,,1,,,1,1,1.1102230246251565e-16,,
0.0,0.1,2.65,1,FINITE,0,1,FULL_FINITE,1,10,1.5018315480119782e-09,,,1,,,1,1,1.1102230246251565e-16,,
0.0,0.1,3.0,1,FINITE,0,1,FULL_FINITE,1,10,3.637770973341503e-09,,,1,,,1,1,1.1102230246251565e-16,,
0.015,-0.05,0.2,0,3,1,0,HJB_NO_CONVERGENCE,0,1000,0.038764618140707086,,,,,,,,,,
0.015,-0.05,0.55,0,3,1,0,HJB_NO_CONVERGENCE,0,1000,0.01727987524101593,,,,,,,,,,
0.015,-0.05,0.8999999999999999,0,3,1,0,HJB_NO_CONVERGENCE,0,1000,0.03461455721762974,,,,,,,,,,
0.015,-0.05,1.2499999999999998,0,3,1,0,HJB_NO_CONVERGENCE,0,1000,0.007357184734427591,,,,,,,,,,
0.015,-0.05,1.5999999999999999,0,3,1,0,HJB_NO_CONVERGENCE,0,1000,0.026626362216372712,,,,,,,,,,
0.015,-0.05,1.95,0,3,1,0,HJB_NO_CONVERGENCE,0,1000,0.02532911326180809,,,,,,,,,,
0.015,-0.05,2.3,0,3,1,0,HJB_NO_CONVERGENCE,0,1000,0.022954133469802684,,,,,,,,,,
0.015,-0.05,2.65,0,3,1,0,HJB_NO_CONVERGENCE,0,1000,0.02166913227033973,,,,,,,,,,
0.015,-0.05,3.0,0,3,1,0,HJB_EXCEPTION,,,,ValueError,invalid source axis components,,,,,,,RuntimeWarning,
0.015,-0.03125,0.2,0,3,1,0,KFE_CONTAMINATED_ROW_SINGULAR_NONFINITE,1,16,8.706535936653381e-09,,,0,ValueError,faithful contaminated-row solve is non-finite,,,,,MatrixRankWarning
0.015,-0.03125,0.55,0,3,1,0,HJB_NO_CONVERGENCE,0,1000,0.03520958530324236,,,,,,,,,,
0.015,-0.03125,0.8999999999999999,0,3,1,0,HJB_NO_CONVERGENCE,0,1000,0.0656142455774571,,,,,,,,,,
0.015,-0.03125,1.2499999999999998,0,3,1,1,FULL_FINITE,1,14,4.746485871010009e-08,,,1,,,1,1,1.1102230246251565e-16,,
0.015,-0.03125,1.5999999999999999,0,3,1,1,FULL_FINITE,1,14,4.0209592100382e-08,,,1,,,1,1,1.1102230246251565e-16,,
0.015,-0.03125,1.95,0,3,1,0,KFE_CONTAMINATED_ROW_SINGULAR_NONFINITE,1,14,3.187960118111732e-08,,,0,ValueError,faithful contaminated-row solve is non-finite,,,,,MatrixRankWarning
0.015,-0.03125,2.3,0,3,1,0,HJB_NO_CONVERGENCE,0,1000,0.02415360657349197,,,,,,,,,,
0.015,-0.03125,2.65,0,3,1,1,FULL_FINITE,1,14,9.282697277512852e-09,,,1,,,1,1,1.1102230246251565e-16,,
0.015,-0.03125,3.0,0,3,1,1,FULL_FINITE,1,14,6.539476515854403e-09,,,1,,,1,1,2.220446049250313e-16,,
0.015,-0.012499999999999997,0.2,0,3,1,1,FULL_FINITE,1,17,4.730519975737479e-09,,,1,,,1,1,1.1102230246251565e-16,,
0.015,-0.012499999999999997,0.55,0,3,1,1,FULL_FINITE,1,32,1.8098234022545512e-10,,,1,,,1,1,1.1102230246251565e-16,,
0.015,-0.012499999999999997,0.8999999999999999,0,3,1,1,FULL_FINITE,1,32,1.999467258428922e-10,,,1,,,1,1,1.1102230246251565e-16,,
0.015,-0.012499999999999997,1.2499999999999998,0,3,1,1,FULL_FINITE,1,54,2.0223112073836091e-10,,,1,,,1,1,2.220446049250313e-16,,
0.015,-0.012499999999999997,1.5999999999999999,0,3,1,1,FULL_FINITE,1,33,2.615543337469717e-10,,,1,,,1,1,1.1102230246251565e-16,,
0.015,-0.012499999999999997,1.95,0,3,1,0,HJB_NO_CONVERGENCE,0,1000,0.02301223544940001,,,,,,,,,,
0.015,-0.012499999999999997,2.3,0,3,1,1,FULL_FINITE,1,31,3.275625104492974e-08,,,1,,,1,1,1.1102230246251565e-16,,
0.015,-0.012499999999999997,2.65,0,3,1,1,FULL_FINITE,1,15,8.681944052568724e-09,,,1,,,1,1,1.1102230246251565e-16,,
0.015,-0.012499999999999997,3.0,0,3,1,0,KFE_CONTAMINATED_ROW_SINGULAR_NONFINITE,1,15,8.33429680824338e-09,,,0,ValueError,faithful contaminated-row solve is non-finite,,,,,MatrixRankWarning
0.015,0.0062500000000000056,0.2,1,FINITE,0,1,FULL_FINITE,1,11,5.4481034794662264e-08,,,1,,,1,1,1.1102230246251565e-16,,
0.015,0.0062500000000000056,0.55,1,FINITE,0,1,FULL_FINITE,1,11,4.551750976133917e-08,,,1,,,1,1,1.1102230246251565e-16,,
0.015,0.0062500000000000056,0.8999999999999999,0,6,0,0,KFE_CONTAMINATED_ROW_SINGULAR_NONFINITE,1,11,3.3183777503609235e-08,,,0,ValueError,faithful contaminated-row solve is non-finite,,,,,MatrixRankWarning
0.015,0.0062500000000000056,1.2499999999999998,1,FINITE,0,1,FULL_FINITE,1,11,2.4832811362784923e-08,,,1,,,1,1,2.220446049250313e-16,,
0.015,0.0062500000000000056,1.5999999999999999,1,FINITE,0,1,FULL_FINITE,1,11,1.74000440722466e-08,,,1,,,1,1,1.1102230246251565e-16,,
0.015,0.0062500000000000056,1.95,1,FINITE,0,1,FULL_FINITE,1,11,1.1490104867561968e-08,,,1,,,1,1,1.1102230246251565e-16,,
0.015,0.0062500000000000056,2.3,1,FINITE,0,1,FULL_FINITE,1,11,7.946368896227796e-09,,,1,,,1,1,1.1102230246251565e-16,,
0.015,0.0062500000000000056,2.65,1,FINITE,0,1,FULL_FINITE,1,11,6.343341851788864e-09,,,1,,,1,1,1.1102230246251565e-16,,
0.015,0.0062500000000000056,3.0,1,FINITE,0,1,FULL_FINITE,1,11,5.942112579759851e-09,,,1,,,1,1,1.1102230246251565e-16,,
0.015,0.02500000000000001,0.2,1,FINITE,0,1,FULL_FINITE,1,10,8.573579179937951e-09,,,1,,,1,1,1.1102230246251565e-16,,
0.015,0.02500000000000001,0.55,1,FINITE,0,1,FULL_FINITE,1,10,8.514085436672758e-09,,,1,,,1,1,1.1102230246251565e-16,,
0.015,0.02500000000000001,0.8999999999999999,1,FINITE,0,1,FULL_FINITE,1,10,8.821082531085267e-09,,,1,,,1,1,1.1102230246251565e-16,,
0.015,0.02500000000000001,1.2499999999999998,1,FINITE,0,1,FULL_FINITE,1,10,9.583551729974715e-09,,,1,,,1,1,1.1102230246251565e-16,,
0.015,0.02500000000000001,1.5999999999999999,1,FINITE,0,1,FULL_FINITE,1,10,1.0912774683902171e-08,,,1,,,1,1,1.1102230246251565e-16,,
0.015,0.02500000000000001,1.95,1,FINITE,0,1,FULL_FINITE,1,10,1.378083780423367e-08,,,1,,,1,1,2.220446049250313e-16,,
0.015,0.02500000000000001,2.3,1,FINITE,0,1,FULL_FINITE,1,10,1.6903388910805006e-08,,,1,,,1,1,1.1102230246251565e-16,,
0.015,0.02500000000000001,2.65,1,FINITE,0,1,FULL_FINITE,1,10,8.632259351770699e-09,,,1,,,1,1,2.220446049250313e-16,,
0.015,0.02500000000000001,3.0,1,FINITE,0,1,FULL_FINITE,1,10,3.776200685479125e-09,,,1,,,1,1,2.220446049250313e-16,,
0.015,0.04375000000000001,0.2,1,FINITE,0,1,FULL_FINITE,1,10,7.048833339240446e-08,,,1,,,1,1,1.1102230246251565e-16,,
0.015,0.04375000000000001,0.55,1,FINITE,0,1,FULL_FINITE,1,10,4.3420371298452665e-08,,,1,,,1,1,1.1102230246251565e-16,,
0.015,0.04375000000000001,0.8999999999999999,1,FINITE,0,1,FULL_FINITE,1,10,6.238415650727802e-08,,,1,,,1,1,1.1102230246251565e-16,,
0.015,0.04375000000000001,1.2499999999999998,1,FINITE,0,1,FULL_FINITE,1,11,6.131330110292765e-09,,,1,,,1,1,2.220446049250313e-16,,
0.015,0.04375000000000001,1.5999999999999999,1,FINITE,0,1,FULL_FINITE,1,11,4.515651852443625e-09,,,1,,,1,1,1.1102230246251565e-16,,
0.015,0.04375000000000001,1.95,1,FINITE,0,1,FULL_FINITE,1,11,3.7870577784815396e-09,,,1,,,1,1,2.220446049250313e-16,,
0.015,0.04375000000000001,2.3,1,FINITE,0,1,FULL_FINITE,1,11,3.691635441782637e-09,,,1,,,1,1,1.1102230246251565e-16,,
0.015,0.04375000000000001,2.65,1,FINITE,0,1,FULL_FINITE,1,11,4.071427639473768e-09,,,1,,,1,1,2.220446049250313e-16,,
0.015,0.04375000000000001,3.0,1,FINITE,0,1,FULL_FINITE,1,11,4.966821620655537e-09,,,1,,,1,1,1.1102230246251565e-16,,
0.015,0.06250000000000001,0.2,1,FINITE,0,1,FULL_FINITE,1,11,9.045900739579338e-08,,,1,,,1,1,2.220446049250313e-16,,
0.015,0.06250000000000001,0.55,1,FINITE,0,1,FULL_FINITE,1,11,3.214220356539954e-08,,,1,,,1,1,2.220446049250313e-16,,
0.015,0.06250000000000001,0.8999999999999999,1,FINITE,0,1,FULL_FINITE,1,11,1.3939867926637817e-08,,,1,,,1,1,1.1102230246251565e-16,,
0.015,0.06250000000000001,1.2499999999999998,1,FINITE,0,1,FULL_FINITE,1,11,7.0645640448674385e-09,,,1,,,1,1,1.1102230246251565e-16,,
0.015,0.06250000000000001,1.5999999999999999,0,6,0,0,KFE_CONTAMINATED_ROW_SINGULAR_NONFINITE,1,10,8.155805986120868e-08,,,0,ValueError,faithful contaminated-row solve is non-finite,,,,,MatrixRankWarning
0.015,0.06250000000000001,1.95,1,FINITE,0,1,FULL_FINITE,1,10,5.198991814836518e-08,,,1,,,1,1,1.1102230246251565e-16,,
0.015,0.06250000000000001,2.3,1,FINITE,0,1,FULL_FINITE,1,11,5.344038100929538e-09,,,1,,,1,1,1.1102230246251565e-16,,
0.015,0.06250000000000001,2.65,1,FINITE,0,1,FULL_FINITE,1,11,4.666588893087464e-09,,,1,,,1,1,1.1102230246251565e-16,,
0.015,0.06250000000000001,3.0,1,FINITE,0,1,FULL_FINITE,1,11,4.309320900119928e-09,,,1,,,1,1,1.1102230246251565e-16,,
0.015,0.08125000000000003,0.2,1,FINITE,0,1,FULL_FINITE,1,11,1.1093788998550735e-08,,,1,,,1,1,2.220446049250313e-16,,
0.015,0.08125000000000003,0.55,1,FINITE,0,1,FULL_FINITE,1,11,1.0308369269296236e-08,,,1,,,1,1,1.1102230246251565e-16,,
0.015,0.08125000000000003,0.8999999999999999,1,FINITE,0,1,FULL_FINITE,1,11,1.3203493409719158e-08,,,1,,,1,1,1.1102230246251565e-16,,
0.015,0.08125000000000003,1.2499999999999998,1,FINITE,0,1,FULL_FINITE,1,11,1.83538197973121e-08,,,1,,,1,1,2.220446049250313e-16,,
0.015,0.08125000000000003,1.5999999999999999,1,FINITE,0,1,FULL_FINITE,1,11,1.2205369159801194e-08,,,1,,,1,1,1.1102230246251565e-16,,
0.015,0.08125000000000003,1.95,1,FINITE,0,1,FULL_FINITE,1,11,6.831719190358854e-09,,,1,,,1,1,1.1102230246251565e-16,,
0.015,0.08125000000000003,2.3,1,FINITE,0,1,FULL_FINITE,1,10,7.762352538520645e-08,,,1,,,1,1,2.220446049250313e-16,,
0.015,0.08125000000000003,2.65,1,FINITE,0,1,FULL_FINITE,1,10,2.8864061363265137e-08,,,1,,,1,1,1.1102230246251565e-16,,
0.015,0.08125000000000003,3.0,1,FINITE,0,1,FULL_FINITE,1,10,4.937328057508239e-08,,,1,,,1,1,1.1102230246251565e-16,,
0.015,0.1,0.2,1,FINITE,0,1,FULL_FINITE,1,10,5.496066179944137e-08,,,1,,,1,1,1.1102230246251565e-16,,
0.015,0.1,0.55,1,FINITE,0,1,FULL_FINITE,1,10,6.325150536667934e-08,,,1,,,1,1,2.220446049250313e-16,,
0.015,0.1,0.8999999999999999,1,FINITE,0,1,FULL_FINITE,1,11,5.8622262599783426e-09,,,1,,,1,1,4.440892098500626e-16,,
0.015,0.1,1.2499999999999998,1,FINITE,0,1,FULL_FINITE,1,11,4.543029064052462e-09,,,1,,,1,1,2.220446049250313e-16,,
0.015,0.1,1.5999999999999999,1,FINITE,0,1,FULL_FINITE,1,10,7.702748661131409e-09,,,1,,,1,1,2.220446049250313e-16,,
0.015,0.1,1.95,0,6,0,0,KFE_CONTAMINATED_ROW_SINGULAR_NONFINITE,1,10,9.285063384822934e-09,,,0,ValueError,faithful contaminated-row solve is non-finite,,,,,MatrixRankWarning
0.015,0.1,2.3,1,FINITE,0,1,FULL_FINITE,1,10,2.1356417079232415e-08,,,1,,,1,1,1.1102230246251565e-16,,
0.015,0.1,2.65,1,FINITE,0,1,FULL_FINITE,1,10,1.4438462869748037e-08,,,1,,,1,1,1.1102230246251565e-16,,
0.015,0.1,3.0,0,6,0,0,KFE_CONTAMINATED_ROW_SINGULAR_NONFINITE,1,10,8.517531568941195e-09,,,0,ValueError,faithful contaminated-row solve is non-finite,,,,,MatrixRankWarning
0.03,-0.05,0.2,0,3,1,0,HJB_NO_CONVERGENCE,0,1000,0.059285065827637595,,,,,,,,,,
0.03,-0.05,0.55,0,3,1,0,HJB_NO_CONVERGENCE,0,1000,0.05474838127017634,,,,,,,,,,
0.03,-0.05,0.8999999999999999,0,3,1,0,HJB_NO_CONVERGENCE,0,1000,0.0504165008304156,,,,,,,,,,
0.03,-0.05,1.2499999999999998,0,3,1,0,HJB_NO_CONVERGENCE,0,1000,0.023924663560048742,,,,,,,,,,
0.03,-0.05,1.5999999999999999,0,3,1,1,FULL_FINITE,1,47,7.500133847315738e-11,,,1,,,1,1,2.220446049250313e-16,,
0.03,-0.05,1.95,0,3,1,0,HJB_NO_CONVERGENCE,0,1000,0.04246785874112291,,,,,,,,,,
0.03,-0.05,2.3,0,3,1,0,HJB_NO_CONVERGENCE,0,1000,0.0396109877434796,,,,,,,,,,
0.03,-0.05,2.65,0,3,1,0,HJB_NO_CONVERGENCE,0,1000,0.0362373165274974,,,,,,,,,,
0.03,-0.05,3.0,0,3,1,0,HJB_NO_CONVERGENCE,0,1000,0.03330514360796499,,,,,,,,,,
0.03,-0.03125,0.2,0,3,1,1,FULL_FINITE,1,104,1.8043877503259864e-10,,,1,,,1,1,2.220446049250313e-16,,
0.03,-0.03125,0.55,0,3,1,1,FULL_FINITE,1,139,2.644284791131213e-11,,,1,,,1,1,2.220446049250313e-16,,
0.03,-0.03125,0.8999999999999999,0,3,1,0,HJB_NO_CONVERGENCE,0,1000,0.05253852246652002,,,,,,,,,,
0.03,-0.03125,1.2499999999999998,0,3,1,0,HJB_NO_CONVERGENCE,0,1000,0.06188067067201075,,,,,,,,,,
0.03,-0.03125,1.5999999999999999,0,3,1,0,HJB_NO_CONVERGENCE,0,1000,0.09225863207773877,,,,,,,,,,
0.03,-0.03125,1.95,0,3,1,0,KFE_CONTAMINATED_ROW_SINGULAR_NONFINITE,1,116,2.6066757641274307e-09,,,0,ValueError,faithful contaminated-row solve is non-finite,,,,,MatrixRankWarning
0.03,-0.03125,2.3,0,3,1,0,HJB_NO_CONVERGENCE,0,1000,0.04245676010494037,,,,,,,,,,
0.03,-0.03125,2.65,0,3,1,1,FULL_FINITE,1,27,1.2396494497579624e-08,,,1,,,1,1,1.1102230246251565e-16,,
0.03,-0.03125,3.0,0,3,1,1,FULL_FINITE,1,81,4.419796084675909e-09,,,1,,,1,1,1.1102230246251565e-16,,
0.03,-0.012499999999999997,0.2,0,3,1,0,HJB_NO_CONVERGENCE,0,1000,0.03399952707633247,,,,,,,,,,
0.03,-0.012499999999999997,0.55,0,3,1,1,FULL_FINITE,1,36,5.950369086349383e-09,,,1,,,1,1,2.220446049250313e-16,,
0.03,-0.012499999999999997,0.8999999999999999,0,3,1,1,FULL_FINITE,1,92,3.710205476181727e-10,,,1,,,1,1,1.1102230246251565e-16,,
0.03,-0.012499999999999997,1.2499999999999998,0,3,1,0,HJB_NO_CONVERGENCE,0,1000,0.04422688764250182,,,,,,,,,,
0.03,-0.012499999999999997,1.5999999999999999,0,3,1,0,HJB_NO_CONVERGENCE,0,1000,0.023931821647668272,,,,,,,,,,
0.03,-0.012499999999999997,1.95,0,3,1,1,FULL_FINITE,1,146,2.4646205076805927e-08,,,1,,,1,1,2.220446049250313e-16,,
0.03,-0.012499999999999997,2.3,0,3,1,0,HJB_NO_CONVERGENCE,0,1000,0.03841983170773844,,,,,,,,,,
0.03,-0.012499999999999997,2.65,0,3,1,1,FULL_FINITE,1,57,2.2597447468797327e-08,,,1,,,1,1,1.1102230246251565e-16,,
0.03,-0.012499999999999997,3.0,0,3,1,0,HJB_NO_CONVERGENCE,0,1000,0.03309635378203524,,,,,,,,,,
0.03,0.0062500000000000056,0.2,1,FINITE,0,1,FULL_FINITE,1,11,8.28325212864911e-08,,,1,,,1,1,1.1102230246251565e-16,,
0.03,0.0062500000000000056,0.55,1,FINITE,0,1,FULL_FINITE,1,12,4.103632988972095e-09,,,1,,,1,1,1.1102230246251565e-16,,
0.03,0.0062500000000000056,0.8999999999999999,1,FINITE,0,1,FULL_FINITE,1,11,6.890440573670276e-08,,,1,,,1,1,2.220446049250313e-16,,
0.03,0.0062500000000000056,1.2499999999999998,1,FINITE,0,1,FULL_FINITE,1,11,6.036636790440753e-08,,,1,,,1,1,1.1102230246251565e-16,,
0.03,0.0062500000000000056,1.5999999999999999,0,6,0,0,KFE_CONTAMINATED_ROW_SINGULAR_NONFINITE,1,11,4.8336950442262605e-08,,,0,ValueError,faithful contaminated-row solve is non-finite,,,,,MatrixRankWarning
0.03,0.0062500000000000056,1.95,1,FINITE,0,1,FULL_FINITE,1,11,4.380317619734342e-08,,,1,,,1,1,2.220446049250313e-16,,
0.03,0.0062500000000000056,2.3,1,FINITE,0,1,FULL_FINITE,1,11,3.91757772888468e-08,,,1,,,1,1,2.220446049250313e-16,,
0.03,0.0062500000000000056,2.65,1,FINITE,0,1,FULL_FINITE,1,11,3.528275982489504e-08,,,1,,,1,1,1.1102230246251565e-16,,
0.03,0.0062500000000000056,3.0,1,FINITE,0,1,FULL_FINITE,1,11,3.3804493426714544e-08,,,1,,,1,1,2.220446049250313e-16,,
0.03,0.02500000000000001,0.2,1,FINITE,0,1,FULL_FINITE,1,10,3.814551874370409e-08,,,1,,,1,1,1.1102230246251565e-16,,
0.03,0.02500000000000001,0.55,1,FINITE,0,1,FULL_FINITE,1,10,3.1495094532374424e-08,,,1,,,1,1,1.1102230246251565e-16,,
0.03,0.02500000000000001,0.8999999999999999,1,FINITE,0,1,FULL_FINITE,1,10,2.599836435024372e-08,,,1,,,1,1,1.1102230246251565e-16,,
0.03,0.02500000000000001,1.2499999999999998,1,FINITE,0,1,FULL_FINITE,1,10,2.1353990575789794e-08,,,1,,,1,1,1.1102230246251565e-16,,
0.03,0.02500000000000001,1.5999999999999999,1,FINITE,0,1,FULL_FINITE,1,10,1.740312427500612e-08,,,1,,,1,1,2.220446049250313e-16,,
0.03,0.02500000000000001,1.95,1,FINITE,0,1,FULL_FINITE,1,10,1.5024490096493537e-08,,,1,,,1,1,2.220446049250313e-16,,
0.03,0.02500000000000001,2.3,1,FINITE,0,1,FULL_FINITE,1,10,1.3155730727021364e-08,,,1,,,1,1,1.1102230246251565e-16,,
0.03,0.02500000000000001,2.65,1,FINITE,0,1,FULL_FINITE,1,10,1.1605830962935215e-08,,,1,,,1,1,6.661338147750939e-16,,
0.03,0.02500000000000001,3.0,1,FINITE,0,1,FULL_FINITE,1,10,1.0237382497280123e-08,,,1,,,1,1,1.1102230246251565e-16,,
0.03,0.04375000000000001,0.2,1,FINITE,0,1,FULL_FINITE,1,11,2.3636580692709686e-08,,,1,,,1,1,1.1102230246251565e-16,,
0.03,0.04375000000000001,0.55,1,FINITE,0,1,FULL_FINITE,1,11,2.0123518851278277e-08,,,1,,,1,1,1.1102230246251565e-16,,
0.03,0.04375000000000001,0.8999999999999999,1,FINITE,0,1,FULL_FINITE,1,11,1.6151407322695377e-08,,,1,,,1,1,1.1102230246251565e-16,,
0.03,0.04375000000000001,1.2499999999999998,1,FINITE,0,1,FULL_FINITE,1,11,5.552919901674613e-09,,,1,,,1,1,1.1102230246251565e-16,,
0.03,0.04375000000000001,1.5999999999999999,1,FINITE,0,1,FULL_FINITE,1,10,5.486599263804237e-08,,,1,,,1,1,1.1102230246251565e-16,,
0.03,0.04375000000000001,1.95,1,FINITE,0,1,FULL_FINITE,1,10,3.823768679467321e-08,,,1,,,1,1,1.1102230246251565e-16,,
0.03,0.04375000000000001,2.3,1,FINITE,0,1,FULL_FINITE,1,10,2.8072570046333567e-08,,,1,,,1,1,1.1102230246251565e-16,,
0.03,0.04375000000000001,2.65,1,FINITE,0,1,FULL_FINITE,1,10,5.6958164407205913e-08,,,1,,,1,1,1.1102230246251565e-16,,
0.03,0.04375000000000001,3.0,1,FINITE,0,1,FULL_FINITE,1,10,7.670055879316351e-08,,,1,,,1,1,2.220446049250313e-16,,
0.03,0.06250000000000001,0.2,1,FINITE,0,1,FULL_FINITE,1,11,4.495515071312184e-08,,,1,,,1,1,1.1102230246251565e-16,,
0.03,0.06250000000000001,0.55,1,FINITE,0,1,FULL_FINITE,1,11,4.0304996673512505e-08,,,1,,,1,1,2.220446049250313e-16,,
0.03,0.06250000000000001,0.8999999999999999,1,FINITE,0,1,FULL_FINITE,1,11,3.864466080472084e-08,,,1,,,1,1,2.220446049250313e-16,,
0.03,0.06250000000000001,1.2499999999999998,1,FINITE,0,1,FULL_FINITE,1,11,3.494530531611417e-08,,,1,,,1,1,2.220446049250313e-16,,
0.03,0.06250000000000001,1.5999999999999999,1,FINITE,0,1,FULL_FINITE,1,11,1.5561290922505577e-08,,,1,,,1,1,1.1102230246251565e-16,,
0.03,0.06250000000000001,1.95,1,FINITE,0,1,FULL_FINITE,1,11,5.166807426348896e-09,,,1,,,1,1,1.1102230246251565e-16,,
0.03,0.06250000000000001,2.3,1,FINITE,0,1,FULL_FINITE,1,10,2.9070147178344996e-08,,,1,,,1,1,1.1102230246251565e-16,,
0.03,0.06250000000000001,2.65,1,FINITE,0,1,FULL_FINITE,1,10,5.579802220267993e-08,,,1,,,1,1,1.1102230246251565e-16,,
0.03,0.06250000000000001,3.0,1,FINITE,0,1,FULL_FINITE,1,10,7.764860754377878e-08,,,1,,,1,1,2.220446049250313e-16,,
0.03,0.08125000000000003,0.2,1,FINITE,0,1,FULL_FINITE,1,11,1.1164690505438557e-08,,,1,,,1,1,2.220446049250313e-16,,
0.03,0.08125000000000003,0.55,1,FINITE,0,1,FULL_FINITE,1,11,1.3904411844123388e-08,,,1,,,1,1,1.1102230246251565e-16,,
0.03,0.08125000000000003,0.8999999999999999,1,FINITE,0,1,FULL_FINITE,1,11,1.579556752062672e-08,,,1,,,1,1,1.1102230246251565e-16,,
0.03,0.08125000000000003,1.2499999999999998,1,FINITE,0,1,FULL_FINITE,1,11,1.69838472174888e-08,,,1,,,1,1,1.1102230246251565e-16,,
0.03,0.08125000000000003,1.5999999999999999,1,FINITE,0,1,FULL_FINITE,1,11,1.7156786213945452e-08,,,1,,,1,1,1.1102230246251565e-16,,
0.03,0.08125000000000003,1.95,1,FINITE,0,1,FULL_FINITE,1,11,1.4481244647868152e-08,,,1,,,1,1,1.1102230246251565e-16,,
0.03,0.08125000000000003,2.3,1,FINITE,0,1,FULL_FINITE,1,10,6.548585673726848e-08,,,1,,,1,1,1.1102230246251565e-16,,
0.03,0.08125000000000003,2.65,1,FINITE,0,1,FULL_FINITE,1,10,2.502709151031013e-08,,,1,,,1,1,1.1102230246251565e-16,,
0.03,0.08125000000000003,3.0,1,FINITE,0,1,FULL_FINITE,1,10,4.139078768616855e-08,,,1,,,1,1,2.220446049250313e-16,,
0.03,0.1,0.2,1,FINITE,0,1,FULL_FINITE,1,11,6.720309642105349e-09,,,1,,,1,1,1.1102230246251565e-16,,
0.03,0.1,0.55,0,6,0,0,KFE_CONTAMINATED_ROW_SINGULAR_NONFINITE,1,10,6.332834345812444e-08,,,0,ValueError,faithful contaminated-row solve is non-finite,,,,,MatrixRankWarning
0.03,0.1,0.8999999999999999,1,FINITE,0,1,FULL_FINITE,1,10,4.903552053292515e-08,,,1,,,1,1,4.440892098500626e-16,,
0.03,0.1,1.2499999999999998,0,6,0,0,KFE_CONTAMINATED_ROW_SINGULAR_NONFINITE,1,11,7.924651157509288e-09,,,0,ValueError,faithful contaminated-row solve is non-finite,,,,,MatrixRankWarning
0.03,0.1,1.5999999999999999,1,FINITE,0,1,FULL_FINITE,1,11,6.426073895227091e-09,,,1,,,1,1,1.1102230246251565e-16,,
0.03,0.1,1.95,0,6,0,0,KFE_CONTAMINATED_ROW_SINGULAR_NONFINITE,1,11,7.675463820078221e-09,,,0,ValueError,faithful contaminated-row solve is non-finite,,,,,MatrixRankWarning
0.03,0.1,2.3,1,FINITE,0,1,FULL_FINITE,1,11,5.0012189944936836e-09,,,1,,,1,1,1.1102230246251565e-16,,
0.03,0.1,2.65,0,6,0,0,KFE_CONTAMINATED_ROW_SINGULAR_NONFINITE,1,10,7.680275615484788e-08,,,0,ValueError,faithful contaminated-row solve is non-finite,,,,,MatrixRankWarning
0.03,0.1,3.0,1,FINITE,0,1,FULL_FINITE,1,10,6.152711051754522e-08,,,1,,,1,1,2.220446049250313e-16,,
0.045,-0.05,0.2,0,3,1,1,FULL_FINITE,1,40,2.5274715653722524e-10,,,1,,,1,1,2.220446049250313e-16,,
0.045,-0.05,0.55,0,3,1,0,HJB_NO_CONVERGENCE,0,1000,0.0037762917435699705,,,,,,,,,,
0.045,-0.05,0.8999999999999999,0,3,1,1,FULL_FINITE,1,28,1.6919443623919506e-10,,,1,,,1,1,1.1102230246251565e-16,,
0.045,-0.05,1.2499999999999998,0,3,1,1,FULL_FINITE,1,28,6.581046818610048e-11,,,1,,,1,1,2.220446049250313e-16,,
0.045,-0.05,1.5999999999999999,0,3,1,1,FULL_FINITE,1,28,1.6491696896991925e-11,,,1,,,1,1,1.1102230246251565e-16,,
0.045,-0.05,1.95,0,3,1,0,HJB_NO_CONVERGENCE,0,1000,0.05809578630623946,,,,,,,,,,
0.045,-0.05,2.3,0,3,1,0,HJB_NO_CONVERGENCE,0,1000,0.0008314481646998217,,,,,,,,,,
0.045,-0.05,2.65,0,3,1,0,HJB_NO_CONVERGENCE,0,1000,0.005888599263172978,,,,,,,,,,
0.045,-0.05,3.0,0,3,1,1,FULL_FINITE,1,33,6.604743418847647e-09,,,1,,,1,1,1.1102230246251565e-16,,
0.045,-0.03125,0.2,0,3,1,1,FULL_FINITE,1,45,6.16999784597283e-11,,,1,,,1,1,2.220446049250313e-16,,
0.045,-0.03125,0.55,0,3,1,1,FULL_FINITE,1,35,8.764661885152236e-09,,,1,,,1,1,2.220446049250313e-16,,
0.045,-0.03125,0.8999999999999999,0,3,1,1,FULL_FINITE,1,77,4.582084045523516e-09,,,1,,,1,1,1.1102230246251565e-16,,
0.045,-0.03125,1.2499999999999998,0,3,1,1,FULL_FINITE,1,82,5.405741632102945e-09,,,1,,,1,1,2.220446049250313e-16,,
0.045,-0.03125,1.5999999999999999,0,3,1,1,FULL_FINITE,1,58,2.212985350524832e-11,,,1,,,1,1,1.1102230246251565e-16,,
0.045,-0.03125,1.95,0,3,1,0,KFE_CONTAMINATED_ROW_SINGULAR_NONFINITE,1,36,4.562394906315603e-11,,,0,ValueError,faithful contaminated-row solve is non-finite,,,,,MatrixRankWarning
0.045,-0.03125,2.3,0,3,1,0,HJB_NO_CONVERGENCE,0,1000,0.005578449804065855,,,,,,,,,,
0.045,-0.03125,2.65,0,3,1,0,HJB_NO_CONVERGENCE,0,1000,0.021455307451507366,,,,,,,,,,
0.045,-0.03125,3.0,0,3,1,0,HJB_NO_CONVERGENCE,0,1000,0.021677930605431328,,,,,,,,,,
0.045,-0.012499999999999997,0.2,0,3,1,1,FULL_FINITE,1,74,6.216267678382792e-08,,,1,,,1,1,1.1102230246251565e-16,,
0.045,-0.012499999999999997,0.55,0,3,1,0,HJB_NO_CONVERGENCE,0,1000,0.03231746305831251,,,,,,,,,,
0.045,-0.012499999999999997,0.8999999999999999,0,3,1,0,HJB_NO_CONVERGENCE,0,1000,0.0849928915175795,,,,,,,,,,
0.045,-0.012499999999999997,1.2499999999999998,0,3,1,1,FULL_FINITE,1,156,1.1133835187138175e-08,,,1,,,1,1,1.1102230246251565e-16,,
0.045,-0.012499999999999997,1.5999999999999999,0,3,1,0,HJB_NO_CONVERGENCE,0,1000,0.22992578187867707,,,,,,,,,,
0.045,-0.012499999999999997,1.95,0,3,1,0,HJB_NO_CONVERGENCE,0,1000,0.10201409989439147,,,,,,,,,,
0.045,-0.012499999999999997,2.3,0,3,1,0,HJB_NO_CONVERGENCE,0,1000,0.008318801105055229,,,,,,,,,,
0.045,-0.012499999999999997,2.65,0,3,1,0,HJB_EXCEPTION,,,,ValueError,invalid source axis components,,,,,,,RuntimeWarning,
0.045,-0.012499999999999997,3.0,0,3,1,0,KFE_CONTAMINATED_ROW_SINGULAR_NONFINITE,1,325,8.24144308353425e-10,,,0,ValueError,faithful contaminated-row solve is non-finite,,,,,MatrixRankWarning
0.045,0.0062500000000000056,0.2,0,3,1,1,FULL_FINITE,1,531,1.0127365612788708e-10,,,1,,,1,1,1.1102230246251565e-16,,
0.045,0.0062500000000000056,0.55,0,3,1,0,HJB_NO_CONVERGENCE,0,1000,0.07475390615589461,,,,,,,,,,
0.045,0.0062500000000000056,0.8999999999999999,0,3,1,1,FULL_FINITE,1,40,7.9792314977567e-09,,,1,,,1,1,1.1102230246251565e-16,,
0.045,0.0062500000000000056,1.2499999999999998,0,3,1,1,FULL_FINITE,1,75,5.610978348613571e-10,,,1,,,1,1,1.1102230246251565e-16,,
0.045,0.0062500000000000056,1.5999999999999999,0,3,1,1,FULL_FINITE,1,58,3.874625065236614e-09,,,1,,,1,1,2.220446049250313e-16,,
0.045,0.0062500000000000056,1.95,0,3,1,0,HJB_NO_CONVERGENCE,0,1000,0.05321321224758435,,,,,,,,,,
0.045,0.0062500000000000056,2.3,0,3,1,1,FULL_FINITE,1,75,9.255884947378945e-11,,,1,,,1,1,2.220446049250313e-16,,
0.045,0.0062500000000000056,2.65,0,3,1,1,FULL_FINITE,1,88,2.195898218815273e-08,,,1,,,1,1,1.1102230246251565e-16,,
0.045,0.0062500000000000056,3.0,0,3,1,1,FULL_FINITE,1,83,2.394145681705595e-08,,,1,,,1,1,1.1102230246251565e-16,,
0.045,0.02500000000000001,0.2,1,FINITE,0,1,FULL_FINITE,1,11,1.2899658230480782e-08,,,1,,,1,1,1.1102230246251565e-16,,
0.045,0.02500000000000001,0.55,1,FINITE,0,1,FULL_FINITE,1,11,9.83526149411773e-09,,,1,,,1,1,1.1102230246251565e-16,,
0.045,0.02500000000000001,0.8999999999999999,1,FINITE,0,1,FULL_FINITE,1,11,7.560782222526541e-09,,,1,,,1,1,2.220446049250313e-16,,
0.045,0.02500000000000001,1.2499999999999998,1,FINITE,0,1,FULL_FINITE,1,11,5.939423175504999e-09,,,1,,,1,1,2.220446049250313e-16,,
0.045,0.02500000000000001,1.5999999999999999,1,FINITE,0,1,FULL_FINITE,1,10,9.747389739800383e-08,,,1,,,1,1,1.1102230246251565e-16,,
0.045,0.02500000000000001,1.95,1,FINITE,0,1,FULL_FINITE,1,10,7.007039215523037e-08,,,1,,,1,1,1.1102230246251565e-16,,
0.045,0.02500000000000001,2.3,1,FINITE,0,1,FULL_FINITE,1,10,2.499842111092221e-08,,,1,,,1,1,1.1102230246251565e-16,,
0.045,0.02500000000000001,2.65,1,FINITE,0,1,FULL_FINITE,1,10,9.836764292003863e-09,,,1,,,1,1,1.1102230246251565e-16,,
0.045,0.02500000000000001,3.0,1,FINITE,0,1,FULL_FINITE,1,10,2.3068245980084612e-08,,,1,,,1,1,1.1102230246251565e-16,,
0.045,0.04375000000000001,0.2,1,FINITE,0,1,FULL_FINITE,1,11,9.65527391372234e-09,,,1,,,1,1,1.1102230246251565e-16,,
0.045,0.04375000000000001,0.55,1,FINITE,0,1,FULL_FINITE,1,11,8.092591485819867e-09,,,1,,,1,1,2.220446049250313e-16,,
0.045,0.04375000000000001,0.8999999999999999,1,FINITE,0,1,FULL_FINITE,1,11,8.360551362329716e-09,,,1,,,1,1,1.1102230246251565e-16,,
0.045,0.04375000000000001,1.2499999999999998,1,FINITE,0,1,FULL_FINITE,1,11,8.020734298952448e-09,,,1,,,1,1,1.1102230246251565e-16,,
0.045,0.04375000000000001,1.5999999999999999,1,FINITE,0,1,FULL_FINITE,1,11,6.215657322172774e-09,,,1,,,1,1,2.220446049250313e-16,,
0.045,0.04375000000000001,1.95,1,FINITE,0,1,FULL_FINITE,1,11,5.505206956968323e-09,,,1,,,1,1,1.1102230246251565e-16,,
0.045,0.04375000000000001,2.3,1,FINITE,0,1,FULL_FINITE,1,11,5.019781923465416e-09,,,1,,,1,1,1.1102230246251565e-16,,
0.045,0.04375000000000001,2.65,1,FINITE,0,1,FULL_FINITE,1,10,7.82236035945516e-08,,,1,,,1,1,1.1102230246251565e-16,,
0.045,0.04375000000000001,3.0,1,FINITE,0,1,FULL_FINITE,1,10,6.970901011982278e-08,,,1,,,1,1,1.1102230246251565e-16,,
0.045,0.06250000000000001,0.2,1,FINITE,0,1,FULL_FINITE,1,11,3.952828109277107e-08,,,1,,,1,1,2.220446049250313e-16,,
0.045,0.06250000000000001,0.55,1,FINITE,0,1,FULL_FINITE,1,11,3.1135080291733175e-08,,,1,,,1,1,1.1102230246251565e-16,,
0.045,0.06250000000000001,0.8999999999999999,1,FINITE,0,1,FULL_FINITE,1,11,2.455944425605594e-08,,,1,,,1,1,1.1102230246251565e-16,,
0.045,0.06250000000000001,1.2499999999999998,1,FINITE,0,1,FULL_FINITE,1,11,1.9786178029335133e-08,,,1,,,1,1,2.220446049250313e-16,,
0.045,0.06250000000000001,1.5999999999999999,1,FINITE,0,1,FULL_FINITE,1,11,2.8081764469334303e-08,,,1,,,1,1,1.1102230246251565e-16,,
0.045,0.06250000000000001,1.95,1,FINITE,0,1,FULL_FINITE,1,11,2.3518726521842837e-08,,,1,,,1,1,1.1102230246251565e-16,,
0.045,0.06250000000000001,2.3,1,FINITE,0,1,FULL_FINITE,1,11,1.802454718813351e-08,,,1,,,1,1,2.220446049250313e-16,,
0.045,0.06250000000000001,2.65,1,FINITE,0,1,FULL_FINITE,1,11,8.396241923946945e-09,,,1,,,1,1,2.220446049250313e-16,,
0.045,0.06250000000000001,3.0,1,FINITE,0,1,FULL_FINITE,1,10,9.04225210263121e-08,,,1,,,1,1,1.1102230246251565e-16,,
0.045,0.08125000000000003,0.2,1,FINITE,0,1,FULL_FINITE,1,10,8.121757133494611e-08,,,1,,,1,1,1.1102230246251565e-16,,
0.045,0.08125000000000003,0.55,1,FINITE,0,1,FULL_FINITE,1,11,7.649802569176245e-09,,,1,,,1,1,2.220446049250313e-16,,
0.045,0.08125000000000003,0.8999999999999999,1,FINITE,0,1,FULL_FINITE,1,11,1.036726615666339e-08,,,1,,,1,1,2.220446049250313e-16,,
0.045,0.08125000000000003,1.2499999999999998,0,6,0,0,KFE_CONTAMINATED_ROW_SINGULAR_NONFINITE,1,11,1.1654577747322037e-08,,,0,ValueError,faithful contaminated-row solve is non-finite,,,,,MatrixRankWarning
0.045,0.08125000000000003,1.5999999999999999,1,FINITE,0,1,FULL_FINITE,1,11,1.149021500168601e-08,,,1,,,1,1,2.220446049250313e-16,,
0.045,0.08125000000000003,1.95,1,FINITE,0,1,FULL_FINITE,1,11,1.0713748110902088e-08,,,1,,,1,1,1.1102230246251565e-16,,
0.045,0.08125000000000003,2.3,1,FINITE,0,1,FULL_FINITE,1,10,9.681909673986411e-08,,,1,,,1,1,1.1102230246251565e-16,,
0.045,0.08125000000000003,2.65,1,FINITE,0,1,FULL_FINITE,1,10,2.1991667153997696e-08,,,1,,,1,1,1.1102230246251565e-16,,
0.045,0.08125000000000003,3.0,1,FINITE,0,1,FULL_FINITE,1,10,1.8386046463092498e-08,,,1,,,1,1,2.220446049250313e-16,,
0.045,0.1,0.2,1,FINITE,0,1,FULL_FINITE,1,11,6.202760971518728e-09,,,1,,,1,1,1.1102230246251565e-16,,
0.045,0.1,0.55,1,FINITE,0,1,FULL_FINITE,1,10,7.73748034532673e-08,,,1,,,1,1,1.1102230246251565e-16,,
0.045,0.1,0.8999999999999999,0,6,0,0,KFE_CONTAMINATED_ROW_SINGULAR_NONFINITE,1,11,5.639609668151024e-09,,,0,ValueError,faithful contaminated-row solve is non-finite,,,,,MatrixRankWarning
0.045,0.1,1.2499999999999998,1,FINITE,0,1,FULL_FINITE,1,11,6.023590515269461e-09,,,1,,,1,1,1.1102230246251565e-16,,
0.045,0.1,1.5999999999999999,0,6,0,0,KFE_CONTAMINATED_ROW_SINGULAR_NONFINITE,1,11,5.559765980933662e-09,,,0,ValueError,faithful contaminated-row solve is non-finite,,,,,MatrixRankWarning
0.045,0.1,1.95,0,6,0,0,KFE_CONTAMINATED_ROW_SINGULAR_NONFINITE,1,10,7.266234547387285e-08,,,0,ValueError,faithful contaminated-row solve is non-finite,,,,,MatrixRankWarning
0.045,0.1,2.3,1,FINITE,0,1,FULL_FINITE,1,10,2.582675406870294e-08,,,1,,,1,1,1.1102230246251565e-16,,
0.045,0.1,2.65,0,6,0,0,KFE_CONTAMINATED_ROW_SINGULAR_NONFINITE,1,10,4.754781457450008e-09,,,0,ValueError,faithful contaminated-row solve is non-finite,,,,,MatrixRankWarning
0.045,0.1,3.0,1,FINITE,0,1,FULL_FINITE,1,10,2.1861168875147996e-08,,,1,,,1,1,1.1102230246251565e-16,,
0.06,-0.05,0.2,0,3,1,0,HJB_NO_CONVERGENCE,0,1000,0.04725313681703369,,,,,,,,,,
0.06,-0.05,0.55,0,3,1,0,HJB_NO_CONVERGENCE,0,1000,0.13988115513614474,,,,,,,,,,
0.06,-0.05,0.8999999999999999,0,3,1,0,HJB_NO_CONVERGENCE,0,1000,0.033049682016638826,,,,,,,,,,
0.06,-0.05,1.2499999999999998,0,3,1,0,HJB_NO_CONVERGENCE,0,1000,0.13377791498493252,,,,,,,,,,
0.06,-0.05,1.5999999999999999,0,3,1,1,FULL_FINITE,1,421,6.731645285640298e-08,,,1,,,1,1,1.1102230246251565e-16,,
0.06,-0.05,1.95,0,3,1,1,FULL_FINITE,1,235,2.0675408052284183e-09,,,1,,,1,1,2.220446049250313e-16,,
0.06,-0.05,2.3,0,3,1,1,FULL_FINITE,1,451,9.997621930324385e-08,,,1,,,1,1,2.220446049250313e-16,,
0.06,-0.05,2.65,0,3,1,1,FULL_FINITE,1,49,6.890221726507662e-11,,,1,,,1,1,2.220446049250313e-16,,
0.06,-0.05,3.0,0,3,1,1,FULL_FINITE,1,481,4.869424330422589e-08,,,1,,,1,1,2.220446049250313e-16,,
0.06,-0.03125,0.2,0,3,1,0,HJB_NO_CONVERGENCE,0,1000,0.03046264771414897,,,,,,,,,,
0.06,-0.03125,0.55,0,3,1,1,FULL_FINITE,1,24,7.784350941619778e-10,,,1,,,1,1,1.1102230246251565e-16,,
0.06,-0.03125,0.8999999999999999,0,3,1,1,FULL_FINITE,1,22,9.394496203185554e-08,,,1,,,1,1,2.220446049250313e-16,,
0.06,-0.03125,1.2499999999999998,0,3,1,1,FULL_FINITE,1,60,2.549390032413612e-08,,,1,,,1,1,1.1102230246251565e-16,,
0.06,-0.03125,1.5999999999999999,0,3,1,1,FULL_FINITE,1,29,3.333227027724206e-10,,,1,,,1,1,1.1102230246251565e-16,,
0.06,-0.03125,1.95,0,3,1,0,HJB_NO_CONVERGENCE,0,1000,0.013922280433824596,,,,,,,,,,
0.06,-0.03125,2.3,0,3,1,1,FULL_FINITE,1,32,6.160039589531152e-09,,,1,,,1,1,1.1102230246251565e-16,,
0.06,-0.03125,2.65,0,3,1,0,HJB_NO_CONVERGENCE,0,1000,0.06327817424920568,,,,,,,,,,
0.06,-0.03125,3.0,0,3,1,1,FULL_FINITE,1,79,9.549410151521442e-10,,,1,,,1,1,1.1102230246251565e-16,,
0.06,-0.012499999999999997,0.2,0,3,1,1,FULL_FINITE,1,159,4.206412995699793e-11,,,1,,,1,1,1.1102230246251565e-16,,
0.06,-0.012499999999999997,0.55,0,3,1,1,FULL_FINITE,1,171,8.842081911097921e-08,,,1,,,1,1,1.1102230246251565e-16,,
0.06,-0.012499999999999997,0.8999999999999999,0,3,1,1,FULL_FINITE,1,465,2.86024004481078e-09,,,1,,,1,1,2.220446049250313e-16,,
0.06,-0.012499999999999997,1.2499999999999998,0,3,1,1,FULL_FINITE,1,843,8.191950584546248e-08,,,1,,,1,1,1.1102230246251565e-16,,
0.06,-0.012499999999999997,1.5999999999999999,0,3,1,0,HJB_NO_CONVERGENCE,0,1000,0.0006775010728361508,,,,,,,,,,
0.06,-0.012499999999999997,1.95,0,3,1,0,HJB_NO_CONVERGENCE,0,1000,0.03825866593795979,,,,,,,,,,
0.06,-0.012499999999999997,2.3,0,3,1,1,FULL_FINITE,1,171,3.1973748093605536e-09,,,1,,,1,1,1.1102230246251565e-16,,
0.06,-0.012499999999999997,2.65,0,3,1,1,FULL_FINITE,1,468,2.5506352585580316e-10,,,1,,,1,1,2.220446049250313e-16,,
0.06,-0.012499999999999997,3.0,0,3,1,0,HJB_NO_CONVERGENCE,0,1000,0.028622841249319464,,,,,,,,,,
0.06,0.0062500000000000056,0.2,0,3,1,1,FULL_FINITE,1,422,1.297220109108821e-09,,,1,,,1,1,1.1102230246251565e-16,,
0.06,0.0062500000000000056,0.55,0,3,1,0,HJB_NO_CONVERGENCE,0,1000,0.05873255246909537,,,,,,,,,,
0.06,0.0062500000000000056,0.8999999999999999,0,3,1,1,FULL_FINITE,1,325,4.397030650693523e-08,,,1,,,1,1,1.1102230246251565e-16,,
0.06,0.0062500000000000056,1.2499999999999998,0,3,1,0,HJB_NO_CONVERGENCE,0,1000,0.055906093018055714,,,,,,,,,,
0.06,0.0062500000000000056,1.5999999999999999,0,3,1,0,HJB_NO_CONVERGENCE,0,1000,41.82144153099216,,,,,,,,,,
0.06,0.0062500000000000056,1.95,0,3,1,1,FULL_FINITE,1,637,3.523723535181489e-10,,,1,,,1,1,2.220446049250313e-16,,
0.06,0.0062500000000000056,2.3,0,3,1,0,HJB_NO_CONVERGENCE,0,1000,0.05918683668006608,,,,,,,,,,
0.06,0.0062500000000000056,2.65,0,3,1,0,HJB_NO_CONVERGENCE,0,1000,17.9416769991342,,,,,,,,,,
0.06,0.0062500000000000056,3.0,0,3,1,1,FULL_FINITE,1,75,1.1645155950645858e-09,,,1,,,1,1,2.220446049250313e-16,,
0.06,0.02500000000000001,0.2,1,FINITE,0,1,FULL_FINITE,1,12,9.131877476420414e-09,,,1,,,1,1,1.1102230246251565e-16,,
0.06,0.02500000000000001,0.55,1,FINITE,0,1,FULL_FINITE,1,12,1.0750834888995087e-08,,,1,,,1,1,1.1102230246251565e-16,,
0.06,0.02500000000000001,0.8999999999999999,1,FINITE,0,1,FULL_FINITE,1,12,7.540819524365361e-09,,,1,,,1,1,2.220446049250313e-16,,
0.06,0.02500000000000001,1.2499999999999998,1,FINITE,0,1,FULL_FINITE,1,11,6.124701101839491e-08,,,1,,,1,1,2.220446049250313e-16,,
0.06,0.02500000000000001,1.5999999999999999,1,FINITE,0,1,FULL_FINITE,1,11,1.755494594135598e-08,,,1,,,1,1,1.1102230246251565e-16,,
0.06,0.02500000000000001,1.95,1,FINITE,0,1,FULL_FINITE,1,12,2.6983929757307124e-08,,,1,,,1,1,2.220446049250313e-16,,
0.06,0.02500000000000001,2.3,1,FINITE,0,1,FULL_FINITE,1,14,5.07333801635923e-08,,,1,,,1,1,1.1102230246251565e-16,,
0.06,0.02500000000000001,2.65,1,FINITE,0,1,FULL_FINITE,1,13,6.215890380190103e-08,,,1,,,1,1,2.220446049250313e-16,,
0.06,0.02500000000000001,3.0,1,FINITE,0,1,FULL_FINITE,1,12,8.309452681487528e-08,,,1,,,1,1,2.220446049250313e-16,,
0.06,0.04375000000000001,0.2,1,FINITE,0,1,FULL_FINITE,1,12,2.4253907326965418e-08,,,1,,,1,1,2.220446049250313e-16,,
0.06,0.04375000000000001,0.55,1,FINITE,0,1,FULL_FINITE,1,12,1.7831016663194532e-08,,,1,,,1,1,2.220446049250313e-16,,
0.06,0.04375000000000001,0.8999999999999999,1,FINITE,0,1,FULL_FINITE,1,12,3.261989078851002e-08,,,1,,,1,1,2.220446049250313e-16,,
0.06,0.04375000000000001,1.2499999999999998,1,FINITE,0,1,FULL_FINITE,1,12,7.1299730564078345e-09,,,1,,,1,1,1.1102230246251565e-16,,
0.06,0.04375000000000001,1.5999999999999999,1,FINITE,0,1,FULL_FINITE,1,11,6.25950491439653e-08,,,1,,,1,1,1.1102230246251565e-16,,
0.06,0.04375000000000001,1.95,1,FINITE,0,1,FULL_FINITE,1,11,3.635848244698536e-08,,,1,,,1,1,2.220446049250313e-16,,
0.06,0.04375000000000001,2.3,1,FINITE,0,1,FULL_FINITE,1,11,2.2077983885537833e-08,,,1,,,1,1,1.1102230246251565e-16,,
0.06,0.04375000000000001,2.65,1,FINITE,0,1,FULL_FINITE,1,11,1.0920235382627652e-08,,,1,,,1,1,2.220446049250313e-16,,
0.06,0.04375000000000001,3.0,1,FINITE,0,1,FULL_FINITE,1,11,6.639748306724869e-09,,,1,,,1,1,2.220446049250313e-16,,
0.06,0.06250000000000001,0.2,1,FINITE,0,1,FULL_FINITE,1,12,1.0521947757524686e-08,,,1,,,1,1,1.1102230246251565e-16,,
0.06,0.06250000000000001,0.55,1,FINITE,0,1,FULL_FINITE,1,12,8.696222408843823e-09,,,1,,,1,1,1.1102230246251565e-16,,
0.06,0.06250000000000001,0.8999999999999999,1,FINITE,0,1,FULL_FINITE,1,12,7.226105935842497e-09,,,1,,,1,1,1.1102230246251565e-16,,
0.06,0.06250000000000001,1.2499999999999998,1,FINITE,0,1,FULL_FINITE,1,12,6.053820555962375e-09,,,1,,,1,1,1.1102230246251565e-16,,
0.06,0.06250000000000001,1.5999999999999999,1,FINITE,0,1,FULL_FINITE,1,12,5.09269071358176e-09,,,1,,,1,1,1.1102230246251565e-16,,
0.06,0.06250000000000001,1.95,1,FINITE,0,1,FULL_FINITE,1,11,9.055827376869274e-08,,,1,,,1,1,1.1102230246251565e-16,,
0.06,0.06250000000000001,2.3,1,FINITE,0,1,FULL_FINITE,1,11,7.727655315648008e-08,,,1,,,1,1,2.220446049250313e-16,,
0.06,0.06250000000000001,2.65,1,FINITE,0,1,FULL_FINITE,1,11,6.662370211074631e-08,,,1,,,1,1,1.1102230246251565e-16,,
0.06,0.06250000000000001,3.0,0,6,0,0,KFE_CONTAMINATED_ROW_SINGULAR_NONFINITE,1,11,5.771003941390518e-08,,,0,ValueError,faithful contaminated-row solve is non-finite,,,,,MatrixRankWarning
0.06,0.08125000000000003,0.2,1,FINITE,0,1,FULL_FINITE,1,11,2.2252095277508488e-08,,,1,,,1,1,1.1102230246251565e-16,,
0.06,0.08125000000000003,0.55,1,FINITE,0,1,FULL_FINITE,1,11,2.7329544849408194e-08,,,1,,,1,1,2.220446049250313e-16,,
0.06,0.08125000000000003,0.8999999999999999,1,FINITE,0,1,FULL_FINITE,1,11,3.1325498639489524e-08,,,1,,,1,1,1.1102230246251565e-16,,
0.06,0.08125000000000003,1.2499999999999998,1,FINITE,0,1,FULL_FINITE,1,11,2.82106711324559e-08,,,1,,,1,1,1.1102230246251565e-16,,
0.06,0.08125000000000003,1.5999999999999999,1,FINITE,0,1,FULL_FINITE,1,11,2.632451412409864e-08,,,1,,,1,1,1.1102230246251565e-16,,
0.06,0.08125000000000003,1.95,1,FINITE,0,1,FULL_FINITE,1,11,2.4321739289234756e-08,,,1,,,1,1,2.220446049250313e-16,,
0.06,0.08125000000000003,2.3,1,FINITE,0,1,FULL_FINITE,1,11,1.9477340629237005e-08,,,1,,,1,1,1.1102230246251565e-16,,
0.06,0.08125000000000003,2.65,1,FINITE,0,1,FULL_FINITE,1,11,1.5082093796081608e-08,,,1,,,1,1,1.1102230246251565e-16,,
0.06,0.08125000000000003,3.0,1,FINITE,0,1,FULL_FINITE,1,11,1.3695391487544839e-08,,,1,,,1,1,1.1102230246251565e-16,,
0.06,0.1,0.2,0,6,0,0,KFE_CONTAMINATED_ROW_SINGULAR_NONFINITE,1,11,1.3237144713684756e-08,,,0,ValueError,faithful contaminated-row solve is non-finite,,,,,MatrixRankWarning
0.06,0.1,0.55,1,FINITE,0,1,FULL_FINITE,1,11,2.3236911061985666e-08,,,1,,,1,1,2.220446049250313e-16,,
0.06,0.1,0.8999999999999999,1,FINITE,0,1,FULL_FINITE,1,11,2.316196656693137e-08,,,1,,,1,1,2.220446049250313e-16,,
0.06,0.1,1.2499999999999998,0,6,0,0,KFE_CONTAMINATED_ROW_SINGULAR_NONFINITE,1,11,2.508691210323377e-08,,,0,ValueError,faithful contaminated-row solve is non-finite,,,,,MatrixRankWarning
0.06,0.1,1.5999999999999999,1,FINITE,0,1,FULL_FINITE,1,11,2.6563991895045547e-08,,,1,,,1,1,1.1102230246251565e-16,,
0.06,0.1,1.95,0,6,0,0,KFE_CONTAMINATED_ROW_SINGULAR_NONFINITE,1,11,2.451632141742266e-08,,,0,ValueError,faithful contaminated-row solve is non-finite,,,,,MatrixRankWarning
0.06,0.1,2.3,0,6,0,0,KFE_CONTAMINATED_ROW_SINGULAR_NONFINITE,1,11,2.195726622744587e-08,,,0,ValueError,faithful contaminated-row solve is non-finite,,,,,MatrixRankWarning
0.06,0.1,2.65,1,FINITE,0,1,FULL_FINITE,1,11,1.9674544660119864e-08,,,1,,,1,1,1.1102230246251565e-16,,
0.06,0.1,3.0,1,FINITE,0,1,FULL_FINITE,1,11,1.7714107514166244e-08,,,1,,,1,1,2.220446049250313e-16,,
0.075,-0.05,0.2,0,3,1,0,HJB_NO_CONVERGENCE,0,1000,0.03702227486366638,,,,,,,,,,
0.075,-0.05,0.55,0,3,1,1,FULL_FINITE,1,845,2.4645463447825477e-09,,,1,,,1,1,1.1102230246251565e-16,,
0.075,-0.05,0.8999999999999999,0,3,1,0,HJB_NO_CONVERGENCE,0,1000,0.08419446842643907,,,,,,,,,,
0.075,-0.05,1.2499999999999998,0,3,1,0,HJB_NO_CONVERGENCE,0,1000,0.02007039885199191,,,,,,,,,,
0.075,-0.05,1.5999999999999999,0,3,1,1,FULL_FINITE,1,171,2.5353443788844743e-08,,,1,,,1,1,1.1102230246251565e-16,,
0.075,-0.05,1.95,0,3,1,0,HJB_NO_CONVERGENCE,0,1000,0.04424612457886923,,,,,,,,,,
0.075,-0.05,2.3,0,3,1,1,FULL_FINITE,1,306,1.1972645097557688e-08,,,1,,,1,1,2.220446049250313e-16,,
0.075,-0.05,2.65,0,3,1,1,FULL_FINITE,1,26,1.1748824135793257e-11,,,1,,,1,1,1.1102230246251565e-16,,
0.075,-0.05,3.0,0,3,1,0,HJB_NO_CONVERGENCE,0,1000,0.012932549257953951,,,,,,,,,,
0.075,-0.03125,0.2,0,3,1,0,HJB_NO_CONVERGENCE,0,1000,0.062397730879236946,,,,,,,,,,
0.075,-0.03125,0.55,0,3,1,0,HJB_NO_CONVERGENCE,0,1000,0.17862937588887462,,,,,,,,,,
0.075,-0.03125,0.8999999999999999,0,3,1,1,FULL_FINITE,1,33,4.120444074828811e-08,,,1,,,1,1,1.1102230246251565e-16,,
0.075,-0.03125,1.2499999999999998,0,3,1,0,HJB_NO_CONVERGENCE,0,1000,0.01907120232382198,,,,,,,,,,
0.075,-0.03125,1.5999999999999999,0,3,1,1,FULL_FINITE,1,23,9.237055564881302e-12,,,1,,,1,1,2.220446049250313e-16,,
0.075,-0.03125,1.95,0,3,1,1,FULL_FINITE,1,27,4.3431569451968244e-10,,,1,,,1,1,1.1102230246251565e-16,,
0.075,-0.03125,2.3,0,3,1,1,FULL_FINITE,1,23,4.149498522565409e-10,,,1,,,1,1,2.220446049250313e-16,,
0.075,-0.03125,2.65,0,3,1,1,FULL_FINITE,1,23,7.58948459633757e-10,,,1,,,1,1,1.1102230246251565e-16,,
0.075,-0.03125,3.0,0,3,1,0,KFE_CONTAMINATED_ROW_SINGULAR_NONFINITE,1,24,4.3528416426852345e-09,,,0,ValueError,faithful contaminated-row solve is non-finite,,,,,MatrixRankWarning
0.075,-0.012499999999999997,0.2,0,3,1,0,HJB_NO_CONVERGENCE,0,1000,0.8215668812580041,,,,,,,,,,
0.075,-0.012499999999999997,0.55,0,3,1,0,HJB_NO_CONVERGENCE,0,1000,0.07206233090182579,,,,,,,,,,
0.075,-0.012499999999999997,0.8999999999999999,0,3,1,1,FULL_FINITE,1,93,9.27769860936678e-09,,,1,,,1,1,1.1102230246251565e-16,,
0.075,-0.012499999999999997,1.2499999999999998,0,3,1,1,FULL_FINITE,1,716,8.286100694476772e-10,,,1,,,1,1,1.1102230246251565e-16,,
0.075,-0.012499999999999997,1.5999999999999999,0,3,1,0,HJB_NO_CONVERGENCE,0,1000,0.025502815270258772,,,,,,,,,,
0.075,-0.012499999999999997,1.95,0,3,1,1,FULL_FINITE,1,99,4.507697326516791e-09,,,1,,,1,1,1.1102230246251565e-16,,
0.075,-0.012499999999999997,2.3,0,3,1,0,HJB_NO_CONVERGENCE,0,1000,0.03594904860365533,,,,,,,,,,
0.075,-0.012499999999999997,2.65,0,3,1,1,FULL_FINITE,1,345,4.2013676093688446e-08,,,1,,,1,1,2.220446049250313e-16,,
0.075,-0.012499999999999997,3.0,0,3,1,0,HJB_NO_CONVERGENCE,0,1000,3.221040754856034,,,,,,,,,,
0.075,0.0062500000000000056,0.2,0,3,1,0,HJB_NO_CONVERGENCE,0,1000,1.6109732172176976,,,,,,,,,,
0.075,0.0062500000000000056,0.55,0,3,1,1,FULL_FINITE,1,263,8.185452315956354e-11,,,1,,,1,1,2.220446049250313e-16,,
0.075,0.0062500000000000056,0.8999999999999999,0,3,1,0,HJB_NO_CONVERGENCE,0,1000,1.0714661488106287,,,,,,,,,,
0.075,0.0062500000000000056,1.2499999999999998,0,3,1,0,HJB_NO_CONVERGENCE,0,1000,12.979126154920145,,,,,,,,,,
0.075,0.0062500000000000056,1.5999999999999999,0,3,1,1,FULL_FINITE,1,176,6.670601493397044e-08,,,1,,,1,1,2.220446049250313e-16,,
0.075,0.0062500000000000056,1.95,0,3,1,0,HJB_NO_CONVERGENCE,0,1000,40.20770703638502,,,,,,,,,,
0.075,0.0062500000000000056,2.3,0,3,1,0,HJB_NO_CONVERGENCE,0,1000,0.06403612653479485,,,,,,,,,,
0.075,0.0062500000000000056,2.65,0,3,1,1,FULL_FINITE,1,104,3.7580349498966825e-08,,,1,,,1,1,2.220446049250313e-16,,
0.075,0.0062500000000000056,3.0,0,3,1,0,HJB_NO_CONVERGENCE,0,1000,0.1001333883486133,,,,,,,,,,
0.075,0.02500000000000001,0.2,0,3,1,0,HJB_NO_CONVERGENCE,0,1000,0.2932249663200004,,,,,,,,,,
0.075,0.02500000000000001,0.55,0,3,1,1,FULL_FINITE,1,27,1.6580738559923702e-08,,,1,,,1,1,4.440892098500626e-16,,
0.075,0.02500000000000001,0.8999999999999999,0,3,1,0,HJB_NO_CONVERGENCE,0,1000,0.2879500868411,,,,,,,,,,
0.075,0.02500000000000001,1.2499999999999998,0,3,1,0,HJB_NO_CONVERGENCE,0,1000,0.18296593800599936,,,,,,,,,,
0.075,0.02500000000000001,1.5999999999999999,0,3,1,1,FULL_FINITE,1,120,1.1121375820266621e-08,,,1,,,1,1,1.1102230246251565e-16,,
0.075,0.02500000000000001,1.95,0,3,1,1,FULL_FINITE,1,94,4.327179681240523e-08,,,1,,,1,1,2.220446049250313e-16,,
0.075,0.02500000000000001,2.3,0,3,1,1,FULL_FINITE,1,445,1.7746231151249958e-09,,,1,,,1,1,2.220446049250313e-16,,
0.075,0.02500000000000001,2.65,0,3,1,0,HJB_NO_CONVERGENCE,0,1000,12.04606987139923,,,,,,,,,,
0.075,0.02500000000000001,3.0,0,3,1,0,HJB_NO_CONVERGENCE,0,1000,0.0060694431399454934,,,,,,,,,,
0.075,0.04375000000000001,0.2,1,FINITE,0,1,FULL_FINITE,1,12,4.812478593407832e-08,,,1,,,1,1,2.220446049250313e-16,,
0.075,0.04375000000000001,0.55,1,FINITE,0,1,FULL_FINITE,1,12,3.254472602520764e-08,,,1,,,1,1,1.1102230246251565e-16,,
0.075,0.04375000000000001,0.8999999999999999,1,FINITE,0,1,FULL_FINITE,1,12,2.681701261053604e-08,,,1,,,1,1,1.1102230246251565e-16,,
0.075,0.04375000000000001,1.2499999999999998,1,FINITE,0,1,FULL_FINITE,1,12,2.333004545107542e-08,,,1,,,1,1,1.1102230246251565e-16,,
0.075,0.04375000000000001,1.5999999999999999,1,FINITE,0,1,FULL_FINITE,1,12,1.9103417514543253e-08,,,1,,,1,1,2.220446049250313e-16,,
0.075,0.04375000000000001,1.95,1,FINITE,0,1,FULL_FINITE,1,12,1.5258656560490635e-08,,,1,,,1,1,1.1102230246251565e-16,,
0.075,0.04375000000000001,2.3,1,FINITE,0,1,FULL_FINITE,1,12,1.2130907833807214e-08,,,1,,,1,1,1.1102230246251565e-16,,
0.075,0.04375000000000001,2.65,1,FINITE,0,1,FULL_FINITE,1,12,9.388891442085878e-09,,,1,,,1,1,1.1102230246251565e-16,,
0.075,0.04375000000000001,3.0,1,FINITE,0,1,FULL_FINITE,1,12,1.1326005022738173e-08,,,1,,,1,1,1.1102230246251565e-16,,
0.075,0.06250000000000001,0.2,1,FINITE,0,1,FULL_FINITE,1,11,8.714964394584968e-08,,,1,,,1,1,2.220446049250313e-16,,
0.075,0.06250000000000001,0.55,1,FINITE,0,1,FULL_FINITE,1,12,1.5760946325826808e-08,,,1,,,1,1,1.1102230246251565e-16,,
0.075,0.06250000000000001,0.8999999999999999,1,FINITE,0,1,FULL_FINITE,1,12,1.0739093170286651e-08,,,1,,,1,1,1.1102230246251565e-16,,
0.075,0.06250000000000001,1.2499999999999998,1,FINITE,0,1,FULL_FINITE,1,12,1.235859770076786e-08,,,1,,,1,1,1.1102230246251565e-16,,
0.075,0.06250000000000001,1.5999999999999999,1,FINITE,0,1,FULL_FINITE,1,12,1.493474144353968e-08,,,1,,,1,1,1.1102230246251565e-16,,
0.075,0.06250000000000001,1.95,1,FINITE,0,1,FULL_FINITE,1,12,1.4422411709347216e-08,,,1,,,1,1,1.1102230246251565e-16,,
0.075,0.06250000000000001,2.3,1,FINITE,0,1,FULL_FINITE,1,12,1.3394267028843387e-08,,,1,,,1,1,2.220446049250313e-16,,
0.075,0.06250000000000001,2.65,1,FINITE,0,1,FULL_FINITE,1,12,1.229302171168456e-08,,,1,,,1,1,1.1102230246251565e-16,,
0.075,0.06250000000000001,3.0,1,FINITE,0,1,FULL_FINITE,1,12,1.1159514201608545e-08,,,1,,,1,1,1.1102230246251565e-16,,
0.075,0.08125000000000003,0.2,1,FINITE,0,1,FULL_FINITE,1,11,9.262926781161696e-08,,,1,,,1,1,2.220446049250313e-16,,
0.075,0.08125000000000003,0.55,1,FINITE,0,1,FULL_FINITE,1,11,9.25982739374831e-08,,,1,,,1,1,2.220446049250313e-16,,
0.075,0.08125000000000003,0.8999999999999999,0,6,0,0,KFE_CONTAMINATED_ROW_SINGULAR_NONFINITE,1,11,9.025632863313149e-08,,,0,ValueError,faithful contaminated-row solve is non-finite,,,,,MatrixRankWarning
0.075,0.08125000000000003,1.2499999999999998,1,FINITE,0,1,FULL_FINITE,1,11,8.564649078834918e-08,,,1,,,1,1,2.220446049250313e-16,,
0.075,0.08125000000000003,1.5999999999999999,1,FINITE,0,1,FULL_FINITE,1,11,7.887395625516547e-08,,,1,,,1,1,1.1102230246251565e-16,,
0.075,0.08125000000000003,1.95,0,6,0,0,KFE_CONTAMINATED_ROW_SINGULAR_NONFINITE,1,11,7.485201791723739e-08,,,0,ValueError,faithful contaminated-row solve is non-finite,,,,,MatrixRankWarning
0.075,0.08125000000000003,2.3,1,FINITE,0,1,FULL_FINITE,1,11,6.780939543205022e-08,,,1,,,1,1,1.1102230246251565e-16,,
0.075,0.08125000000000003,2.65,1,FINITE,0,1,FULL_FINITE,1,11,4.091225491720252e-08,,,1,,,1,1,1.1102230246251565e-16,,
0.075,0.08125000000000003,3.0,1,FINITE,0,1,FULL_FINITE,1,11,4.9730910944845164e-08,,,1,,,1,1,2.220446049250313e-16,,
0.075,0.1,0.2,0,6,0,0,KFE_CONTAMINATED_ROW_SINGULAR_NONFINITE,1,12,4.771948169945972e-09,,,0,ValueError,faithful contaminated-row solve is non-finite,,,,,MatrixRankWarning
0.075,0.1,0.55,1,FINITE,0,1,FULL_FINITE,1,12,5.065285080263493e-09,,,1,,,1,1,1.1102230246251565e-16,,
0.075,0.1,0.8999999999999999,0,6,0,0,KFE_CONTAMINATED_ROW_SINGULAR_NONFINITE,1,12,5.0957282837771345e-09,,,0,ValueError,faithful contaminated-row solve is non-finite,,,,,MatrixRankWarning
0.075,0.1,1.2499999999999998,0,6,0,0,KFE_CONTAMINATED_ROW_SINGULAR_NONFINITE,1,11,9.585571802972481e-08,,,0,ValueError,faithful contaminated-row solve is non-finite,,,,,MatrixRankWarning
0.075,0.1,1.5999999999999999,0,6,0,0,KFE_CONTAMINATED_ROW_SINGULAR_NONFINITE,1,11,8.427321063209092e-08,,,0,ValueError,faithful contaminated-row solve is non-finite,,,,,MatrixRankWarning
0.075,0.1,1.95,1,FINITE,0,1,FULL_FINITE,1,11,7.433474280560404e-08,,,1,,,1,1,1.1102230246251565e-16,,
0.075,0.1,2.3,0,6,0,0,KFE_CONTAMINATED_ROW_SINGULAR_NONFINITE,1,11,6.591028878233374e-08,,,0,ValueError,faithful contaminated-row solve is non-finite,,,,,MatrixRankWarning
0.075,0.1,2.65,0,6,0,0,KFE_CONTAMINATED_ROW_SINGULAR_NONFINITE,1,11,5.9543005193063436e-08,,,0,ValueError,faithful contaminated-row solve is non-finite,,,,,MatrixRankWarning
0.075,0.1,3.0,1,FINITE,0,1,FULL_FINITE,1,11,5.3919116282941104e-08,,,1,,,1,1,2.220446049250313e-16,,
0.09,-0.05,0.2,0,3,1,1,FULL_FINITE,1,49,1.8951595848193392e-10,,,1,,,1,1,1.1102230246251565e-16,,
0.09,-0.05,0.55,0,3,1,1,FULL_FINITE,1,322,7.314046968076582e-08,,,1,,,1,1,1.1102230246251565e-16,,
0.09,-0.05,0.8999999999999999,0,3,1,0,HJB_NO_CONVERGENCE,0,1000,0.020221984425081274,,,,,,,,,,
0.09,-0.05,1.2499999999999998,0,3,1,0,HJB_NO_CONVERGENCE,0,1000,0.024394770494581053,,,,,,,,,,
0.09,-0.05,1.5999999999999999,0,3,1,0,HJB_NO_CONVERGENCE,0,1000,0.0534076311581515,,,,,,,,,,
0.09,-0.05,1.95,0,3,1,0,HJB_NO_CONVERGENCE,0,1000,0.03335527932704352,,,,,,,,,,
0.09,-0.05,2.3,0,3,1,0,HJB_NO_CONVERGENCE,0,1000,0.05833919320425096,,,,,,,,,,
0.09,-0.05,2.65,0,3,1,0,HJB_NO_CONVERGENCE,0,1000,0.02730901073469738,,,,,,,,,,
0.09,-0.05,3.0,0,3,1,0,HJB_NO_CONVERGENCE,0,1000,0.07802973640394839,,,,,,,,,,
0.09,-0.03125,0.2,0,3,1,1,FULL_FINITE,1,56,9.546369028612389e-08,,,1,,,1,1,2.220446049250313e-16,,
0.09,-0.03125,0.55,0,3,1,0,HJB_NO_CONVERGENCE,0,1000,0.05072530263423758,,,,,,,,,,
0.09,-0.03125,0.8999999999999999,0,3,1,0,HJB_NO_CONVERGENCE,0,1000,0.7374980371887006,,,,,,,,,,
0.09,-0.03125,1.2499999999999998,0,3,1,1,FULL_FINITE,1,267,7.066528695531815e-09,,,1,,,1,1,2.220446049250313e-16,,
0.09,-0.03125,1.5999999999999999,0,3,1,0,HJB_NO_CONVERGENCE,0,1000,0.02904717544935309,,,,,,,,,,
0.09,-0.03125,1.95,0,3,1,0,HJB_NO_CONVERGENCE,0,1000,0.02259861690036402,,,,,,,,,,
0.09,-0.03125,2.3,0,3,1,0,HJB_NO_CONVERGENCE,0,1000,0.04124810776623988,,,,,,,,,,
0.09,-0.03125,2.65,0,3,1,0,HJB_NO_CONVERGENCE,0,1000,8.759092989799804,,,,,,,,,,
0.09,-0.03125,3.0,0,3,1,0,HJB_NO_CONVERGENCE,0,1000,50.2515784819806,,,,,,,,,,
0.09,-0.012499999999999997,0.2,0,3,1,1,FULL_FINITE,1,112,7.160062409639067e-08,,,1,,,1,1,2.220446049250313e-16,,
0.09,-0.012499999999999997,0.55,0,3,1,0,HJB_NO_CONVERGENCE,0,1000,0.047886856027158586,,,,,,,,,,
0.09,-0.012499999999999997,0.8999999999999999,0,3,1,0,HJB_NO_CONVERGENCE,0,1000,0.6985550830676175,,,,,,,,,,
0.09,-0.012499999999999997,1.2499999999999998,0,3,1,1,FULL_FINITE,1,233,2.5302107076186076e-09,,,1,,,1,1,2.220446049250313e-16,,
0.09,-0.012499999999999997,1.5999999999999999,0,3,1,0,HJB_NO_CONVERGENCE,0,1000,0.04877663457418535,,,,,,,,,,
0.09,-0.012499999999999997,1.95,0,3,1,1,FULL_FINITE,1,204,1.9353869618043973e-09,,,1,,,1,1,2.220446049250313e-16,,
0.09,-0.012499999999999997,2.3,0,3,1,0,HJB_NO_CONVERGENCE,0,1000,0.02722190758665377,,,,,,,,,,
0.09,-0.012499999999999997,2.65,0,3,1,0,HJB_NO_CONVERGENCE,0,1000,0.020890575678183865,,,,,,,,,,
0.09,-0.012499999999999997,3.0,0,3,1,1,FULL_FINITE,1,196,1.0286239415790988e-08,,,1,,,1,1,1.1102230246251565e-16,,
0.09,0.0062500000000000056,0.2,0,3,1,0,HJB_NO_CONVERGENCE,0,1000,0.015489593380269895,,,,,,,,,,
0.09,0.0062500000000000056,0.55,0,3,1,0,HJB_NO_CONVERGENCE,0,1000,0.02414034635048168,,,,,,,,,,
0.09,0.0062500000000000056,0.8999999999999999,0,3,1,1,FULL_FINITE,1,421,4.3590027587470104e-08,,,1,,,1,1,2.220446049250313e-16,,
0.09,0.0062500000000000056,1.2499999999999998,0,3,1,0,HJB_NO_CONVERGENCE,0,1000,0.003706648029872639,,,,,,,,,,
0.09,0.0062500000000000056,1.5999999999999999,0,3,1,1,FULL_FINITE,1,428,5.960334448218418e-09,,,1,,,1,1,2.220446049250313e-16,,
0.09,0.0062500000000000056,1.95,0,3,1,0,HJB_NO_CONVERGENCE,0,1000,0.025768919155314762,,,,,,,,,,
0.09,0.0062500000000000056,2.3,0,3,1,1,FULL_FINITE,1,125,2.772750917756639e-09,,,1,,,1,1,1.1102230246251565e-16,,
0.09,0.0062500000000000056,2.65,0,3,1,0,HJB_NO_CONVERGENCE,0,1000,0.01885178694486811,,,,,,,,,,
0.09,0.0062500000000000056,3.0,0,3,1,1,FULL_FINITE,1,125,3.9548808672407176e-11,,,1,,,1,1,1.1102230246251565e-16,,
0.09,0.02500000000000001,0.2,0,3,1,1,FULL_FINITE,1,134,4.795666086465644e-10,,,1,,,1,1,2.220446049250313e-16,,
0.09,0.02500000000000001,0.55,0,3,1,0,HJB_NO_CONVERGENCE,0,1000,0.06500606535998088,,,,,,,,,,
0.09,0.02500000000000001,0.8999999999999999,0,3,1,0,HJB_NO_CONVERGENCE,0,1000,0.01969248409718105,,,,,,,,,,
0.09,0.02500000000000001,1.2499999999999998,0,3,1,0,HJB_NO_CONVERGENCE,0,1000,0.24962733224949574,,,,,,,,,,
0.09,0.02500000000000001,1.5999999999999999,0,3,1,0,HJB_NO_CONVERGENCE,0,1000,0.03279616447923672,,,,,,,,,,
0.09,0.02500000000000001,1.95,0,3,1,0,HJB_NO_CONVERGENCE,0,1000,0.015141062404843808,,,,,,,,,,
0.09,0.02500000000000001,2.3,0,3,1,1,FULL_FINITE,1,111,4.123307917325292e-09,,,1,,,1,1,1.1102230246251565e-16,,
0.09,0.02500000000000001,2.65,0,3,1,1,FULL_FINITE,1,132,2.213269567619136e-10,,,1,,,1,1,2.220446049250313e-16,,
0.09,0.02500000000000001,3.0,0,3,1,0,HJB_NO_CONVERGENCE,0,1000,0.024044007570978465,,,,,,,,,,
0.09,0.04375000000000001,0.2,0,3,1,1,FULL_FINITE,1,108,5.968369265474394e-08,,,1,,,1,1,2.220446049250313e-16,,
0.09,0.04375000000000001,0.55,1,FINITE,0,1,FULL_FINITE,1,25,9.681925661197965e-08,,,1,,,1,1,1.1102230246251565e-16,,
0.09,0.04375000000000001,0.8999999999999999,0,3,1,0,HJB_NO_CONVERGENCE,0,1000,0.09968741921715818,,,,,,,,,,
0.09,0.04375000000000001,1.2499999999999998,0,3,1,1,FULL_FINITE,1,136,1.553388528918731e-10,,,1,,,1,1,1.1102230246251565e-16,,
0.09,0.04375000000000001,1.5999999999999999,1,FINITE,0,1,FULL_FINITE,1,14,7.430005055653055e-08,,,1,,,1,1,1.1102230246251565e-16,,
0.09,0.04375000000000001,1.95,1,FINITE,0,1,FULL_FINITE,1,14,9.594426586545524e-09,,,1,,,1,1,1.1102230246251565e-16,,
0.09,0.04375000000000001,2.3,1,FINITE,0,1,FULL_FINITE,1,13,3.4613893973300947e-08,,,1,,,1,1,2.220446049250313e-16,,
0.09,0.04375000000000001,2.65,1,FINITE,0,1,FULL_FINITE,1,13,2.2145449918298254e-08,,,1,,,1,1,2.220446049250313e-16,,
0.09,0.04375000000000001,3.0,1,FINITE,0,1,FULL_FINITE,1,13,1.6028653959665462e-08,,,1,,,1,1,2.220446049250313e-16,,
0.09,0.06250000000000001,0.2,1,FINITE,0,1,FULL_FINITE,1,14,8.814986074412445e-08,,,1,,,1,1,1.1102230246251565e-16,,
0.09,0.06250000000000001,0.55,1,FINITE,0,1,FULL_FINITE,1,13,7.229692755572614e-08,,,1,,,1,1,1.1102230246251565e-16,,
0.09,0.06250000000000001,0.8999999999999999,1,FINITE,0,1,FULL_FINITE,1,12,5.416828585680378e-08,,,1,,,1,1,1.1102230246251565e-16,,
0.09,0.06250000000000001,1.2499999999999998,1,FINITE,0,1,FULL_FINITE,1,12,1.673941341095997e-08,,,1,,,1,1,2.220446049250313e-16,,
0.09,0.06250000000000001,1.5999999999999999,1,FINITE,0,1,FULL_FINITE,1,12,1.6612659692327725e-08,,,1,,,1,1,1.1102230246251565e-16,,
0.09,0.06250000000000001,1.95,1,FINITE,0,1,FULL_FINITE,1,12,1.7418607001218334e-08,,,1,,,1,1,1.1102230246251565e-16,,
0.09,0.06250000000000001,2.3,1,FINITE,0,1,FULL_FINITE,1,12,1.5339459480401274e-08,,,1,,,1,1,2.220446049250313e-16,,
0.09,0.06250000000000001,2.65,1,FINITE,0,1,FULL_FINITE,1,12,1.2263392079603364e-08,,,1,,,1,1,1.1102230246251565e-16,,
0.09,0.06250000000000001,3.0,0,6,0,0,KFE_CONTAMINATED_ROW_SINGULAR_NONFINITE,1,12,9.905917863761715e-09,,,0,ValueError,faithful contaminated-row solve is non-finite,,,,,MatrixRankWarning
0.09,0.08125000000000003,0.2,1,FINITE,0,1,FULL_FINITE,1,12,2.986053004860878e-08,,,1,,,1,1,2.220446049250313e-16,,
0.09,0.08125000000000003,0.55,0,6,0,0,KFE_CONTAMINATED_ROW_SINGULAR_NONFINITE,1,12,2.078959937534819e-08,,,0,ValueError,faithful contaminated-row solve is non-finite,,,,,MatrixRankWarning
0.09,0.08125000000000003,0.8999999999999999,1,FINITE,0,1,FULL_FINITE,1,12,1.560523443799866e-08,,,1,,,1,1,1.1102230246251565e-16,,
0.09,0.08125000000000003,1.2499999999999998,1,FINITE,0,1,FULL_FINITE,1,12,1.299233787221965e-08,,,1,,,1,1,1.1102230246251565e-16,,
0.09,0.08125000000000003,1.5999999999999999,0,6,0,0,KFE_CONTAMINATED_ROW_SINGULAR_NONFINITE,1,12,1.144502093097799e-08,,,0,ValueError,faithful contaminated-row solve is non-finite,,,,,MatrixRankWarning
0.09,0.08125000000000003,1.95,1,FINITE,0,1,FULL_FINITE,1,12,1.0910451209156236e-08,,,1,,,1,1,1.1102230246251565e-16,,
0.09,0.08125000000000003,2.3,0,6,0,0,KFE_CONTAMINATED_ROW_SINGULAR_NONFINITE,1,12,6.136950503332628e-09,,,0,ValueError,faithful contaminated-row solve is non-finite,,,,,MatrixRankWarning
0.09,0.08125000000000003,2.65,1,FINITE,0,1,FULL_FINITE,1,12,5.944599479335011e-09,,,1,,,1,1,1.1102230246251565e-16,,
0.09,0.08125000000000003,3.0,0,6,0,0,KFE_CONTAMINATED_ROW_SINGULAR_NONFINITE,1,12,6.119954321093246e-09,,,0,ValueError,faithful contaminated-row solve is non-finite,,,,,MatrixRankWarning
0.09,0.1,0.2,0,3,1,0,HJB_NO_CONVERGENCE,0,1000,0.007603630307004394,,,,,,,,,,
0.09,0.1,0.55,0,3,1,0,HJB_NO_CONVERGENCE,0,1000,1.0052082182932054,,,,,,,,,,
0.09,0.1,0.8999999999999999,0,3,1,0,HJB_NO_CONVERGENCE,0,1000,0.040180130730117725,,,,,,,,,,
0.09,0.1,1.2499999999999998,0,3,1,0,KFE_CONTAMINATED_ROW_SINGULAR_NONFINITE,1,168,1.7435723975722794e-08,,,0,ValueError,faithful contaminated-row solve is non-finite,,,,,MatrixRankWarning
0.09,0.1,1.5999999999999999,0,3,1,0,KFE_CONTAMINATED_ROW_SINGULAR_NONFINITE,1,252,7.384299038903919e-08,,,0,ValueError,faithful contaminated-row solve is non-finite,,,,,MatrixRankWarning
0.09,0.1,1.95,0,3,1,0,KFE_CONTAMINATED_ROW_SINGULAR_NONFINITE,1,111,9.015764135256177e-09,,,0,ValueError,faithful contaminated-row solve is non-finite,,,,,MatrixRankWarning
0.09,0.1,2.3,0,3,1,1,FULL_FINITE,1,394,6.085620896101318e-10,,,1,,,1,1,1.1102230246251565e-16,,
0.09,0.1,2.65,1,FINITE,0,1,FULL_FINITE,1,12,7.890037068136735e-09,,,1,,,1,1,1.1102230246251565e-16,,
0.09,0.1,3.0,1,FINITE,0,1,FULL_FINITE,1,12,6.949246511567253e-09,,,1,,,1,1,1.1102230246251565e-16,,
0.105,-0.05,0.2,0,3,1,1,FULL_FINITE,1,243,1.2416014882887794e-09,,,1,,,1,1,2.220446049250313e-16,,
0.105,-0.05,0.55,0,3,1,1,FULL_FINITE,1,160,2.669427345836084e-09,,,1,,,1,1,2.220446049250313e-16,,
0.105,-0.05,0.8999999999999999,0,3,1,1,FULL_FINITE,1,197,2.3564039164369888e-08,,,1,,,1,1,1.1102230246251565e-16,,
0.105,-0.05,1.2499999999999998,0,3,1,1,FULL_FINITE,1,119,5.0016248920314865e-08,,,1,,,1,1,1.1102230246251565e-16,,
0.105,-0.05,1.5999999999999999,0,3,1,1,FULL_FINITE,1,227,6.816103237383686e-11,,,1,,,1,1,1.1102230246251565e-16,,
0.105,-0.05,1.95,0,3,1,1,FULL_FINITE,1,194,3.2165822005936207e-08,,,1,,,1,1,1.1102230246251565e-16,,
0.105,-0.05,2.3,0,3,1,1,FULL_FINITE,1,263,1.4189803110298271e-08,,,1,,,1,1,2.220446049250313e-16,,
0.105,-0.05,2.65,0,3,1,1,FULL_FINITE,1,70,6.222532533683989e-08,,,1,,,1,1,2.220446049250313e-16,,
0.105,-0.05,3.0,0,3,1,1,FULL_FINITE,1,101,3.0810225482014175e-08,,,1,,,1,1,2.220446049250313e-16,,
0.105,-0.03125,0.2,0,3,1,0,HJB_NO_CONVERGENCE,0,1000,0.0748074110092638,,,,,,,,,,
0.105,-0.03125,0.55,0,3,1,1,FULL_FINITE,1,104,1.6426746185516095e-08,,,1,,,1,1,1.1102230246251565e-16,,
0.105,-0.03125,0.8999999999999999,0,3,1,0,HJB_NO_CONVERGENCE,0,1000,0.045168470152908924,,,,,,,,,,
0.105,-0.03125,1.2499999999999998,0,3,1,1,FULL_FINITE,1,128,1.0110777992622388e-08,,,1,,,1,1,2.220446049250313e-16,,
0.105,-0.03125,1.5999999999999999,0,3,1,1,FULL_FINITE,1,287,4.108568418814684e-08,,,1,,,1,1,1.1102230246251565e-16,,
0.105,-0.03125,1.95,0,3,1,1,FULL_FINITE,1,508,4.8450505829578105e-09,,,1,,,1,1,1.1102230246251565e-16,,
0.105,-0.03125,2.3,0,3,1,0,HJB_NO_CONVERGENCE,0,1000,0.09410620848117945,,,,,,,,,,
0.105,-0.03125,2.65,0,3,1,1,FULL_FINITE,1,404,7.511431121542955e-08,,,1,,,1,1,2.220446049250313e-16,,
0.105,-0.03125,3.0,0,3,1,1,FULL_FINITE,1,273,9.803862810464636e-08,,,1,,,1,1,2.220446049250313e-16,,
0.105,-0.012499999999999997,0.2,0,3,1,0,HJB_NO_CONVERGENCE,0,1000,0.07848228387184975,,,,,,,,,,
0.105,-0.012499999999999997,0.55,0,3,1,0,HJB_NO_CONVERGENCE,0,1000,0.09426427446600982,,,,,,,,,,
0.105,-0.012499999999999997,0.8999999999999999,0,3,1,1,FULL_FINITE,1,96,9.305189507813338e-09,,,1,,,1,1,2.220446049250313e-16,,
0.105,-0.012499999999999997,1.2499999999999998,0,3,1,1,FULL_FINITE,1,133,5.230740285355751e-10,,,1,,,1,1,1.1102230246251565e-16,,
0.105,-0.012499999999999997,1.5999999999999999,0,3,1,0,HJB_NO_CONVERGENCE,0,1000,0.05487491772300679,,,,,,,,,,
0.105,-0.012499999999999997,1.95,0,3,1,0,HJB_NO_CONVERGENCE,0,1000,0.04922104909528002,,,,,,,,,,
0.105,-0.012499999999999997,2.3,0,3,1,0,HJB_NO_CONVERGENCE,0,1000,0.03391791799053756,,,,,,,,,,
0.105,-0.012499999999999997,2.65,0,3,1,1,FULL_FINITE,1,65,3.6934636682417477e-08,,,1,,,1,1,2.220446049250313e-16,,
0.105,-0.012499999999999997,3.0,0,3,1,0,HJB_NO_CONVERGENCE,0,1000,0.014484671121309134,,,,,,,,,,
0.105,0.0062500000000000056,0.2,0,3,1,1,FULL_FINITE,1,341,2.4862876202291773e-08,,,1,,,1,1,1.1102230246251565e-16,,
0.105,0.0062500000000000056,0.55,0,3,1,1,FULL_FINITE,1,335,4.901705885629326e-08,,,1,,,1,1,1.1102230246251565e-16,,
0.105,0.0062500000000000056,0.8999999999999999,0,3,1,1,FULL_FINITE,1,60,5.519810031273664e-08,,,1,,,1,1,2.220446049250313e-16,,
0.105,0.0062500000000000056,1.2499999999999998,0,3,1,1,FULL_FINITE,1,538,1.490271728243897e-08,,,1,,,1,1,1.1102230246251565e-16,,
0.105,0.0062500000000000056,1.5999999999999999,0,3,1,1,FULL_FINITE,1,238,2.5628599686911002e-08,,,1,,,1,1,1.1102230246251565e-16,,
0.105,0.0062500000000000056,1.95,0,3,1,1,FULL_FINITE,1,473,3.588077390759281e-09,,,1,,,1,1,2.220446049250313e-16,,
0.105,0.0062500000000000056,2.3,0,3,1,1,FULL_FINITE,1,52,3.838183104676318e-09,,,1,,,1,1,1.1102230246251565e-16,,
0.105,0.0062500000000000056,2.65,0,3,1,1,FULL_FINITE,1,147,5.678279890730664e-08,,,1,,,1,1,2.220446049250313e-16,,
0.105,0.0062500000000000056,3.0,0,3,1,0,HJB_NO_CONVERGENCE,0,1000,0.027490071765333468,,,,,,,,,,
0.105,0.02500000000000001,0.2,0,3,1,1,FULL_FINITE,1,147,4.497367811495678e-09,,,1,,,1,1,2.220446049250313e-16,,
0.105,0.02500000000000001,0.55,0,3,1,1,FULL_FINITE,1,128,1.3076117966193124e-09,,,1,,,1,1,2.220446049250313e-16,,
0.105,0.02500000000000001,0.8999999999999999,0,3,1,1,FULL_FINITE,1,152,4.40436132009836e-10,,,1,,,1,1,1.1102230246251565e-16,,
0.105,0.02500000000000001,1.2499999999999998,0,3,1,1,FULL_FINITE,1,232,4.668077124847514e-08,,,1,,,1,1,1.1102230246251565e-16,,
0.105,0.02500000000000001,1.5999999999999999,0,3,1,0,HJB_NO_CONVERGENCE,0,1000,0.04115428656673892,,,,,,,,,,
0.105,0.02500000000000001,1.95,0,3,1,1,FULL_FINITE,1,190,4.268034814458588e-10,,,1,,,1,1,1.1102230246251565e-16,,
0.105,0.02500000000000001,2.3,0,3,1,1,FULL_FINITE,1,133,7.209149899267686e-08,,,1,,,1,1,1.1102230246251565e-16,,
0.105,0.02500000000000001,2.65,0,3,1,1,FULL_FINITE,1,104,7.341121488479985e-09,,,1,,,1,1,1.1102230246251565e-16,,
0.105,0.02500000000000001,3.0,0,3,1,1,FULL_FINITE,1,180,8.866423151232539e-10,,,1,,,1,1,2.220446049250313e-16,,
0.105,0.04375000000000001,0.2,0,3,1,1,FULL_FINITE,1,221,1.0671641348380945e-09,,,1,,,1,1,2.220446049250313e-16,,
0.105,0.04375000000000001,0.55,0,3,1,1,FULL_FINITE,1,303,2.6999667834815e-08,,,1,,,1,1,2.220446049250313e-16,,
0.105,0.04375000000000001,0.8999999999999999,0,3,1,0,HJB_NO_CONVERGENCE,0,1000,0.0246931675917601,,,,,,,,,,
0.105,0.04375000000000001,1.2499999999999998,0,3,1,1,FULL_FINITE,1,131,1.4536354342453706e-09,,,1,,,1,1,2.220446049250313e-16,,
0.105,0.04375000000000001,1.5999999999999999,0,3,1,1,FULL_FINITE,1,217,3.3371780006064e-08,,,1,,,1,1,1.1102230246251565e-16,,
0.105,0.04375000000000001,1.95,0,3,1,1,FULL_FINITE,1,140,3.10862589003591e-08,,,1,,,1,1,1.1102230246251565e-16,,
0.105,0.04375000000000001,2.3,0,3,1,1,FULL_FINITE,1,273,9.370284637100212e-08,,,1,,,1,1,2.220446049250313e-16,,
0.105,0.04375000000000001,2.65,0,3,1,0,HJB_NO_CONVERGENCE,0,1000,0.06345114955669118,,,,,,,,,,
0.105,0.04375000000000001,3.0,0,3,1,0,HJB_NO_CONVERGENCE,0,1000,0.016029715507588804,,,,,,,,,,
0.105,0.06250000000000001,0.2,0,3,1,1,FULL_FINITE,1,134,6.633111304665817e-08,,,1,,,1,1,1.1102230246251565e-16,,
0.105,0.06250000000000001,0.55,0,3,1,0,HJB_NO_CONVERGENCE,0,1000,0.28834880780635785,,,,,,,,,,
0.105,0.06250000000000001,0.8999999999999999,0,3,1,1,FULL_FINITE,1,81,9.565496839059051e-09,,,1,,,1,1,1.1102230246251565e-16,,
0.105,0.06250000000000001,1.2499999999999998,0,3,1,1,FULL_FINITE,1,130,1.048879028076044e-08,,,1,,,1,1,2.220446049250313e-16,,
0.105,0.06250000000000001,1.5999999999999999,0,3,1,1,FULL_FINITE,1,107,4.7755897014667426e-09,,,1,,,1,1,2.220446049250313e-16,,
0.105,0.06250000000000001,1.95,0,3,1,1,FULL_FINITE,1,235,1.673363669851824e-10,,,1,,,1,1,1.1102230246251565e-16,,
0.105,0.06250000000000001,2.3,0,3,1,1,FULL_FINITE,1,283,1.3530936371353164e-09,,,1,,,1,1,1.1102230246251565e-16,,
0.105,0.06250000000000001,2.65,0,3,1,1,FULL_FINITE,1,273,2.8508202021271245e-08,,,1,,,1,1,2.220446049250313e-16,,
0.105,0.06250000000000001,3.0,0,3,1,0,KFE_CONTAMINATED_ROW_SINGULAR_NONFINITE,1,55,1.3836238821340885e-09,,,0,ValueError,faithful contaminated-row solve is non-finite,,,,,MatrixRankWarning
0.105,0.08125000000000003,0.2,0,3,1,1,FULL_FINITE,1,162,1.1882310246846828e-08,,,1,,,1,1,2.220446049250313e-16,,
0.105,0.08125000000000003,0.55,0,3,1,0,HJB_NO_CONVERGENCE,0,1000,0.07340825980590182,,,,,,,,,,
0.105,0.08125000000000003,0.8999999999999999,0,3,1,0,HJB_NO_CONVERGENCE,0,1000,0.09343307816165236,,,,,,,,,,
0.105,0.08125000000000003,1.2499999999999998,0,3,1,1,FULL_FINITE,1,233,4.7237191935778355e-09,,,1,,,1,1,1.1102230246251565e-16,,
0.105,0.08125000000000003,1.5999999999999999,0,3,1,0,HJB_NO_CONVERGENCE,0,1000,0.03430689152618349,,,,,,,,,,
0.105,0.08125000000000003,1.95,0,3,1,0,KFE_CONTAMINATED_ROW_SINGULAR_NONFINITE,1,154,5.6214862098613594e-08,,,0,ValueError,faithful contaminated-row solve is non-finite,,,,,MatrixRankWarning
0.105,0.08125000000000003,2.3,0,3,1,0,HJB_NO_CONVERGENCE,0,1000,0.03217964519826566,,,,,,,,,,
0.105,0.08125000000000003,2.65,0,3,1,0,KFE_CONTAMINATED_ROW_SINGULAR_NONFINITE,1,55,2.3354651546014793e-10,,,0,ValueError,faithful contaminated-row solve is non-finite,,,,,MatrixRankWarning
0.105,0.08125000000000003,3.0,0,3,1,0,KFE_CONTAMINATED_ROW_SINGULAR_NONFINITE,1,436,5.662508684167733e-09,,,0,ValueError,faithful contaminated-row solve is non-finite,,,,,MatrixRankWarning
0.105,0.1,0.2,0,3,1,1,FULL_FINITE,1,149,2.8055516132496905e-08,,,1,,,1,1,1.1102230246251565e-16,,
0.105,0.1,0.55,0,3,1,1,FULL_FINITE,1,197,1.069943778020388e-08,,,1,,,1,1,2.220446049250313e-16,,
0.105,0.1,0.8999999999999999,0,3,1,1,FULL_FINITE,1,159,6.65661872290002e-08,,,1,,,1,1,2.220446049250313e-16,,
0.105,0.1,1.2499999999999998,0,3,1,0,KFE_CONTAMINATED_ROW_SINGULAR_NONFINITE,1,58,3.178683982696384e-09,,,0,ValueError,faithful contaminated-row solve is non-finite,,,,,MatrixRankWarning
0.105,0.1,1.5999999999999999,0,3,1,0,KFE_CONTAMINATED_ROW_SINGULAR_NONFINITE,1,213,3.5556801947222993e-10,,,0,ValueError,faithful contaminated-row solve is non-finite,,,,,MatrixRankWarning
0.105,0.1,1.95,0,3,1,0,HJB_NO_CONVERGENCE,0,1000,11.976565322042404,,,,,,,,,,
0.105,0.1,2.3,0,3,1,0,KFE_CONTAMINATED_ROW_SINGULAR_NONFINITE,1,119,3.174716489695584e-08,,,0,ValueError,faithful contaminated-row solve is non-finite,,,,,MatrixRankWarning
0.105,0.1,2.65,0,3,1,1,FULL_FINITE,1,85,9.055266048108024e-08,,,1,,,1,1,2.220446049250313e-16,,
0.105,0.1,3.0,0,3,1,0,HJB_NO_CONVERGENCE,0,1000,0.03702856189509829,,,,,,,,,,
0.12,-0.05,0.2,0,3,1,0,HJB_NO_CONVERGENCE,0,1000,0.03910036468375111,,,,,,,,,,
0.12,-0.05,0.55,0,3,1,0,HJB_NO_CONVERGENCE,0,1000,0.8411374492083041,,,,,,,,,,
0.12,-0.05,0.8999999999999999,0,3,1,0,HJB_NO_CONVERGENCE,0,1000,80.8945297015368,,,,,,,,,,
0.12,-0.05,1.2499999999999998,0,3,1,0,HJB_NO_CONVERGENCE,0,1000,10.644874228772775,,,,,,,,,,
0.12,-0.05,1.5999999999999999,0,3,1,0,HJB_NO_CONVERGENCE,0,1000,5.347812008998233,,,,,,,,,,
0.12,-0.05,1.95,0,3,1,0,HJB_NO_CONVERGENCE,0,1000,0.19264126747414423,,,,,,,,,,
0.12,-0.05,2.3,0,3,1,1,FULL_FINITE,1,359,3.739330622920534e-09,,,1,,,1,1,2.220446049250313e-16,,
0.12,-0.05,2.65,0,3,1,0,HJB_NO_CONVERGENCE,0,1000,0.0603786865538396,,,,,,,,,,
0.12,-0.05,3.0,0,3,1,0,HJB_NO_CONVERGENCE,0,1000,1.4738304552765271,,,,,,,,,,
0.12,-0.03125,0.2,0,3,1,0,HJB_NO_CONVERGENCE,0,1000,17.876625850184148,,,,,,,,,,
0.12,-0.03125,0.55,0,3,1,1,FULL_FINITE,1,260,8.80845618667081e-10,,,1,,,1,1,1.1102230246251565e-16,,
0.12,-0.03125,0.8999999999999999,0,3,1,1,FULL_FINITE,1,112,2.652494712762632e-08,,,1,,,1,1,1.1102230246251565e-16,,
0.12,-0.03125,1.2499999999999998,0,3,1,1,FULL_FINITE,1,214,2.838476120814448e-10,,,1,,,1,1,2.220446049250313e-16,,
0.12,-0.03125,1.5999999999999999,0,3,1,1,FULL_FINITE,1,760,4.185949364909902e-09,,,1,,,1,1,2.220446049250313e-16,,
0.12,-0.03125,1.95,0,3,1,0,HJB_NO_CONVERGENCE,0,1000,4.894027780491701,,,,,,,,,,
0.12,-0.03125,2.3,0,3,1,0,HJB_NO_CONVERGENCE,0,1000,10.797321510946041,,,,,,,,,,
0.12,-0.03125,2.65,0,3,1,0,HJB_NO_CONVERGENCE,0,1000,0.04691764955042288,,,,,,,,,,
0.12,-0.03125,3.0,0,3,1,0,HJB_NO_CONVERGENCE,0,1000,0.0008157465097156091,,,,,,,,,,
0.12,-0.012499999999999997,0.2,0,3,1,0,HJB_NO_CONVERGENCE,0,1000,5.23973885376256,,,,,,,,,,
0.12,-0.012499999999999997,0.55,0,3,1,0,HJB_NO_CONVERGENCE,0,1000,3.3536580323801957,,,,,,,,,,
0.12,-0.012499999999999997,0.8999999999999999,0,3,1,1,FULL_FINITE,1,124,5.939573100022244e-08,,,1,,,1,1,1.1102230246251565e-16,,
0.12,-0.012499999999999997,1.2499999999999998,0,3,1,1,FULL_FINITE,1,483,8.318727395817405e-08,,,1,,,1,1,1.1102230246251565e-16,,
0.12,-0.012499999999999997,1.5999999999999999,0,3,1,0,HJB_NO_CONVERGENCE,0,1000,0.04456689685223303,,,,,,,,,,
0.12,-0.012499999999999997,1.95,0,3,1,0,HJB_NO_CONVERGENCE,0,1000,81.15528522855621,,,,,,,,,,
0.12,-0.012499999999999997,2.3,0,3,1,1,FULL_FINITE,1,581,4.877165338257328e-10,,,1,,,1,1,1.1102230246251565e-16,,
0.12,-0.012499999999999997,2.65,0,3,1,1,FULL_FINITE,1,451,9.2542904894799e-08,,,1,,,1,1,2.220446049250313e-16,,
0.12,-0.012499999999999997,3.0,0,3,1,0,HJB_NO_CONVERGENCE,0,1000,21.963360460552476,,,,,,,,,,
0.12,0.0062500000000000056,0.2,0,3,1,1,FULL_FINITE,1,47,5.3274352040943995e-08,,,1,,,1,1,1.1102230246251565e-16,,
0.12,0.0062500000000000056,0.55,0,3,1,0,HJB_NO_CONVERGENCE,0,1000,0.021922490488556434,,,,,,,,,,
0.12,0.0062500000000000056,0.8999999999999999,0,3,1,1,FULL_FINITE,1,630,2.7024384507967625e-08,,,1,,,1,1,2.220446049250313e-16,,
0.12,0.0062500000000000056,1.2499999999999998,0,3,1,1,FULL_FINITE,1,350,3.155484762373817e-10,,,1,,,1,1,2.220446049250313e-16,,
0.12,0.0062500000000000056,1.5999999999999999,0,3,1,0,HJB_NO_CONVERGENCE,0,1000,72.95253384538267,,,,,,,,,,
0.12,0.0062500000000000056,1.95,0,3,1,1,FULL_FINITE,1,364,6.729375456870912e-08,,,1,,,1,1,1.1102230246251565e-16,,
0.12,0.0062500000000000056,2.3,0,3,1,1,FULL_FINITE,1,221,3.456079866737127e-11,,,1,,,1,1,1.1102230246251565e-16,,
0.12,0.0062500000000000056,2.65,0,3,1,1,FULL_FINITE,1,216,6.913515093742717e-09,,,1,,,1,1,1.1102230246251565e-16,,
0.12,0.0062500000000000056,3.0,0,3,1,0,HJB_NO_CONVERGENCE,0,1000,4.359355320430833,,,,,,,,,,
0.12,0.02500000000000001,0.2,0,3,1,1,FULL_FINITE,1,150,1.3985257396598172e-09,,,1,,,1,1,2.220446049250313e-16,,
0.12,0.02500000000000001,0.55,0,3,1,1,FULL_FINITE,1,545,3.908938950303309e-09,,,1,,,1,1,2.220446049250313e-16,,
0.12,0.02500000000000001,0.8999999999999999,0,3,1,1,FULL_FINITE,1,109,4.968581635012015e-08,,,1,,,1,1,1.1102230246251565e-16,,
0.12,0.02500000000000001,1.2499999999999998,0,3,1,1,FULL_FINITE,1,346,4.377477313965983e-08,,,1,,,1,1,1.1102230246251565e-16,,
0.12,0.02500000000000001,1.5999999999999999,0,3,1,1,FULL_FINITE,1,888,2.8106143190598232e-08,,,1,,,1,1,2.220446049250313e-16,,
0.12,0.02500000000000001,1.95,0,3,1,1,FULL_FINITE,1,560,5.109887979415362e-08,,,1,,,1,1,2.220446049250313e-16,,
0.12,0.02500000000000001,2.3,0,3,1,0,HJB_NO_CONVERGENCE,0,1000,0.035837436296745295,,,,,,,,,,
0.12,0.02500000000000001,2.65,0,3,1,1,FULL_FINITE,1,719,3.9854057831689715e-08,,,1,,,1,1,1.1102230246251565e-16,,
0.12,0.02500000000000001,3.0,0,3,1,0,HJB_NO_CONVERGENCE,0,1000,91.95410330101397,,,,,,,,,,
0.12,0.04375000000000001,0.2,0,3,1,1,FULL_FINITE,1,113,4.903029093838995e-10,,,1,,,1,1,2.220446049250313e-16,,
0.12,0.04375000000000001,0.55,0,3,1,0,HJB_NO_CONVERGENCE,0,1000,0.022995761901769995,,,,,,,,,,
0.12,0.04375000000000001,0.8999999999999999,0,3,1,1,FULL_FINITE,1,340,5.130118552187923e-10,,,1,,,1,1,1.1102230246251565e-16,,
0.12,0.04375000000000001,1.2499999999999998,0,3,1,0,HJB_NO_CONVERGENCE,0,1000,0.030166801589674774,,,,,,,,,,
0.12,0.04375000000000001,1.5999999999999999,0,3,1,0,HJB_NO_CONVERGENCE,0,1000,0.1449998665992922,,,,,,,,,,
0.12,0.04375000000000001,1.95,0,3,1,1,FULL_FINITE,1,362,2.9744171570200706e-09,,,1,,,1,1,2.220446049250313e-16,,
0.12,0.04375000000000001,2.3,0,3,1,1,FULL_FINITE,1,292,1.0188614396611229e-09,,,1,,,1,1,1.1102230246251565e-16,,
0.12,0.04375000000000001,2.65,0,3,1,0,HJB_NO_CONVERGENCE,0,1000,0.0074942197741947325,,,,,,,,,,
0.12,0.04375000000000001,3.0,0,3,1,1,FULL_FINITE,1,453,8.743760293583591e-08,,,1,,,1,1,2.220446049250313e-16,,
0.12,0.06250000000000001,0.2,0,3,1,1,FULL_FINITE,1,246,1.4454961672072386e-09,,,1,,,1,1,2.220446049250313e-16,,
0.12,0.06250000000000001,0.55,0,3,1,0,HJB_NO_CONVERGENCE,0,1000,0.0005318517429273584,,,,,,,,,,
0.12,0.06250000000000001,0.8999999999999999,0,3,1,1,FULL_FINITE,1,91,4.6181334312223044e-08,,,1,,,1,1,1.1102230246251565e-16,,
0.12,0.06250000000000001,1.2499999999999998,0,3,1,1,FULL_FINITE,1,205,6.808499719568317e-08,,,1,,,1,1,1.1102230246251565e-16,,
0.12,0.06250000000000001,1.5999999999999999,0,3,1,1,FULL_FINITE,1,447,2.3185879882703375e-09,,,1,,,1,1,2.220446049250313e-16,,
0.12,0.06250000000000001,1.95,0,3,1,1,FULL_FINITE,1,123,2.67186806013342e-09,,,1,,,1,1,2.220446049250313e-16,,
0.12,0.06250000000000001,2.3,0,3,1,1,FULL_FINITE,1,170,3.4779645829985384e-10,,,1,,,1,1,2.220446049250313e-16,,
0.12,0.06250000000000001,2.65,0,3,1,1,FULL_FINITE,1,134,8.103649218327291e-08,,,1,,,1,1,1.1102230246251565e-16,,
0.12,0.06250000000000001,3.0,0,3,1,1,FULL_FINITE,1,227,6.635252347564347e-10,,,1,,,1,1,1.1102230246251565e-16,,
0.12,0.08125000000000003,0.2,0,3,1,1,FULL_FINITE,1,82,1.3118182096150122e-09,,,1,,,1,1,2.220446049250313e-16,,
0.12,0.08125000000000003,0.55,0,3,1,0,HJB_NO_CONVERGENCE,0,1000,0.008978652450634783,,,,,,,,,,
0.12,0.08125000000000003,0.8999999999999999,0,3,1,0,HJB_NO_CONVERGENCE,0,1000,1.0344339035851053,,,,,,,,,RuntimeWarning,
0.12,0.08125000000000003,1.2499999999999998,0,3,1,1,FULL_FINITE,1,270,2.774235063895958e-08,,,1,,,1,1,1.1102230246251565e-16,,
0.12,0.08125000000000003,1.5999999999999999,0,3,1,1,FULL_FINITE,1,467,4.799183273007657e-11,,,1,,,1,1,2.220446049250313e-16,,
0.12,0.08125000000000003,1.95,0,3,1,0,KFE_CONTAMINATED_ROW_SINGULAR_NONFINITE,1,747,2.291038470048079e-10,,,0,ValueError,faithful contaminated-row solve is non-finite,,,,,MatrixRankWarning
0.12,0.08125000000000003,2.3,0,3,1,1,FULL_FINITE,1,357,1.922213943572615e-09,,,1,,,1,1,1.1102230246251565e-16,,
0.12,0.08125000000000003,2.65,0,3,1,1,FULL_FINITE,1,97,2.4265975895332303e-09,,,1,,,1,1,2.220446049250313e-16,,
0.12,0.08125000000000003,3.0,0,3,1,1,FULL_FINITE,1,97,1.1072208039308862e-08,,,1,,,1,1,1.1102230246251565e-16,,
0.12,0.1,0.2,0,3,1,0,KFE_CONTAMINATED_ROW_SINGULAR_NONFINITE,1,321,4.724450164417249e-08,,,0,ValueError,faithful contaminated-row solve is non-finite,,,,,MatrixRankWarning
0.12,0.1,0.55,0,3,1,1,FULL_FINITE,1,207,3.768468204157216e-09,,,1,,,1,1,2.220446049250313e-16,,
0.12,0.1,0.8999999999999999,0,3,1,0,KFE_CONTAMINATED_ROW_SINGULAR_NONFINITE,1,112,1.5335963610141334e-09,,,0,ValueError,faithful contaminated-row solve is non-finite,,,,,MatrixRankWarning
0.12,0.1,1.2499999999999998,0,3,1,0,KFE_CONTAMINATED_ROW_SINGULAR_NONFINITE,1,311,1.3998580072893674e-09,,,0,ValueError,faithful contaminated-row solve is non-finite,,,,,MatrixRankWarning
0.12,0.1,1.5999999999999999,0,3,1,1,FULL_FINITE,1,161,6.807505315009621e-08,,,1,,,1,1,2.220446049250313e-16,,
0.12,0.1,1.95,0,3,1,1,FULL_FINITE,1,114,2.1196097321762863e-08,,,1,,,1,1,2.220446049250313e-16,,
0.12,0.1,2.3,0,3,1,0,KFE_CONTAMINATED_ROW_SINGULAR_NONFINITE,1,864,6.766285309822706e-10,,,0,ValueError,faithful contaminated-row solve is non-finite,,,,,MatrixRankWarning
0.12,0.1,2.65,0,3,1,1,FULL_FINITE,1,174,3.705144102639224e-08,,,1,,,1,1,2.220446049250313e-16,,
0.12,0.1,3.0,0,3,1,0,HJB_NO_CONVERGENCE,0,1000,0.09697906124704936,,,,,,,,,,
