stage,r,N,A_hh,N_hh,C,R_asset,R_labor,finite,hjb_converged
inner_primary_lower,-0.02,0.2,2.1417594027582596,1.0965475674419085,0.9922193388828593,-7.858240597241741,0.8965475674419086,True,True
inner_primary_upper,-0.02,2.0,0.9119012245979109,0.691323704143497,1.2547829326096855,-9.08809877540209,-1.308676295856503,True,True
inner_brentq,-0.02,0.2,2.1417594027582596,1.0965475674419085,0.9922193388828593,-7.858240597241741,0.8965475674419086,True,True
inner_brentq,-0.02,2.0,0.9119012245979109,0.691323704143497,1.2547829326096855,-9.08809877540209,-1.308676295856503,True,True
inner_brentq,-0.02,0.931801268911381,1.5625744778923636,0.9137735461244841,1.0877801423794817,-8.437425522107636,-0.018027722786896905,True,True
inner_brentq,-0.02,0.9173763106252969,1.5730952457070642,0.9171479421698283,1.0857526447218655,-8.426904754292936,-0.00022836845546858608,True,True
inner_brentq,-0.02,0.91719128332055,1.5732303390800795,0.9171912831132036,1.085726676392078,-8.42676966091992,-2.0734636230201886e-10,True,True
inner_brentq,-0.02,0.9171912823619544,1.5732303397799665,0.9171912833377481,1.0857266762575422,-8.426769660220033,9.757937791121662e-10,True,True
outer_primary_lower,-0.02,0.91719128332055,1.5732303390800795,0.9171912831132036,1.085726676392078,-8.42676966091992,-2.0734636230201886e-10,True,True
inner_primary_lower,0.0095,0.2,30.001850419958945,1.133826793249235,1.0514782242078182,20.001850419958945,0.933826793249235,True,True
inner_primary_upper,0.0095,2.0,17.74164211495426,0.8169959651335378,1.2355844087283196,7.74164211495426,-1.183004034866462,True,True
inner_brentq,0.0095,0.2,30.001850419958945,1.133826793249235,1.0514782242078182,20.001850419958945,0.933826793249235,True,True
inner_brentq,0.0095,2.0,17.74164211495426,0.8169959651335378,1.2355844087283196,7.74164211495426,-1.183004034866462,True,True
inner_brentq,0.0095,0.9940588381098316,24.18441179953213,0.9883935842139066,1.1247978620291117,14.184411799532128,-0.005665253895925093,True,True
inner_brentq,0.0095,0.9892705645530036,24.21771721026876,0.9892456323313079,1.1243212177268704,14.21771721026876,-2.4932221695639356e-05,True,True
inner_brentq,0.0095,0.9892493992511905,24.217864479822637,0.9892493992907752,1.1243191118375373,14.217864479822637,3.958466887610257e-11,True,True
inner_brentq,0.0095,0.9892494002458152,24.217864472914727,0.9892493991136587,1.1243191119365705,14.217864472914727,-1.1321564796773487e-09,True,True
outer_primary_upper,0.0095,0.9892493992511905,24.217864479822637,0.9892493992907752,1.1243191118375373,14.217864479822637,3.958466887610257e-11,True,True
inner_primary_lower,-0.02,0.2,2.1417594027582596,1.0965475674419085,0.9922193388828593,-7.858240597241741,0.8965475674419086,True,True
inner_primary_upper,-0.02,2.0,0.9119012245979109,0.691323704143497,1.2547829326096855,-9.08809877540209,-1.308676295856503,True,True
inner_brentq,-0.02,0.2,2.1417594027582596,1.0965475674419085,0.9922193388828593,-7.858240597241741,0.8965475674419086,True,True
inner_brentq,-0.02,2.0,0.9119012245979109,0.691323704143497,1.2547829326096855,-9.08809877540209,-1.308676295856503,True,True
inner_brentq,-0.02,0.931801268911381,1.5625744778923636,0.9137735461244841,1.0877801423794817,-8.437425522107636,-0.018027722786896905,True,True
inner_brentq,-0.02,0.9173763106252969,1.5730952457070642,0.9171479421698283,1.0857526447218655,-8.426904754292936,-0.00022836845546858608,True,True
inner_brentq,-0.02,0.91719128332055,1.5732303390800795,0.9171912831132036,1.085726676392078,-8.42676966091992,-2.0734636230201886e-10,True,True
inner_brentq,-0.02,0.9171912823619544,1.5732303397799665,0.9171912833377481,1.0857266762575422,-8.426769660220033,9.757937791121662e-10,True,True
outer_brentq,-0.02,0.91719128332055,1.5732303390800795,0.9171912831132036,1.085726676392078,-8.42676966091992,-2.0734636230201886e-10,True,True
inner_primary_lower,0.0095,0.2,30.001850419958945,1.133826793249235,1.0514782242078182,20.001850419958945,0.933826793249235,True,True
inner_primary_upper,0.0095,2.0,17.74164211495426,0.8169959651335378,1.2355844087283196,7.74164211495426,-1.183004034866462,True,True
inner_brentq,0.0095,0.2,30.001850419958945,1.133826793249235,1.0514782242078182,20.001850419958945,0.933826793249235,True,True
inner_brentq,0.0095,2.0,17.74164211495426,0.8169959651335378,1.2355844087283196,7.74164211495426,-1.183004034866462,True,True
inner_brentq,0.0095,0.9940588381098316,24.18441179953213,0.9883935842139066,1.1247978620291117,14.184411799532128,-0.005665253895925093,True,True
inner_brentq,0.0095,0.9892705645530036,24.21771721026876,0.9892456323313079,1.1243212177268704,14.21771721026876,-2.4932221695639356e-05,True,True
inner_brentq,0.0095,0.9892493992511905,24.217864479822637,0.9892493992907752,1.1243191118375373,14.217864479822637,3.958466887610257e-11,True,True
inner_brentq,0.0095,0.9892494002458152,24.217864472914727,0.9892493991136587,1.1243191119365705,14.217864472914727,-1.1321564796773487e-09,True,True
outer_brentq,0.0095,0.9892493992511905,24.217864479822637,0.9892493992907752,1.1243191118375373,14.217864479822637,3.958466887610257e-11,True,True
inner_primary_lower,-0.009022136394340265,0.2,3.4789088078000514,1.1959751712960056,0.9643165871773002,-6.521091192199949,0.9959751712960057,True,True
inner_primary_upper,-0.009022136394340265,2.0,1.6490527356396956,0.7698506192385445,1.2039875738683112,-8.350947264360304,-1.2301493807614556,True,True
inner_brentq,-0.009022136394340265,0.2,3.4789088078000514,1.1959751712960056,0.9643165871773002,-6.521091192199949,0.9959751712960057,True,True
inner_brentq,-0.009022136394340265,2.0,1.6490527356396956,0.7698506192385445,1.2039875738683112,-8.350947264360304,-1.2301493807614556,True,True
inner_brentq,-0.009022136394340265,1.005325697825795,2.5593859959104535,0.9887720078437789,1.0607304018244037,-7.4406140040895465,-0.016553689982016007,True,True
inner_brentq,-0.009022136394340265,0.9921595428190801,2.5731589696840897,0.9919523887355319,1.0590187814311596,-7.42684103031591,-0.00020715408354821108,True,True
inner_brentq,-0.009022136394340265,0.9919927273158321,2.5733337046463105,0.9919927290880856,1.0589971248431118,-7.426666295353689,1.7722534551012359e-09,True,True
inner_brentq,-0.009022136394340265,0.991992728742967,2.5733337031517127,0.9919927287429671,1.0589971250283872,-7.426666296848287,1.1102230246251565e-16,True,True
inner_brentq,-0.009022136394340265,0.9919927297389634,2.5733337021086067,0.9919927285021074,1.0589971251576915,-7.426666297891393,-1.2368559509923216e-09,True,True
outer_brentq,-0.009022136394340265,0.991992728742967,2.5733337031517127,0.9919927287429671,1.0589971250283872,-7.426666296848287,1.1102230246251565e-16,True,True
inner_primary_lower,0.00023893180282986634,0.2,5.945454959275673,1.266542950651906,0.9544991636221973,-4.054545040724327,1.066542950651906,True,True
inner_primary_upper,0.00023893180282986634,2.0,3.074695579494477,0.8368880359581008,1.1744743499999917,-6.9253044205055225,-1.1631119640418992,True,True
inner_brentq,0.00023893180282986634,0.2,5.945454959275673,1.266542950651906,0.9544991636221973,-4.054545040724327,1.066542950651906,True,True
inner_brentq,0.00023893180282986634,2.0,3.074695579494477,0.8368880359581008,1.1744743499999917,-6.9253044205055225,-1.1631119640418992,True,True
inner_brentq,0.00023893180282986634,1.061019926680928,4.439082055261214,1.0468438993486378,1.0496498938372985,-5.560917944738786,-0.014176027332290175,True,True
inner_brentq,0.00023893180282986634,1.049725739882208,4.457357249923675,1.0495656091636836,1.048288000331875,-5.542642750076325,-0.0001601307185243872,True,True
inner_brentq,0.00023893180282986634,1.0495967238939516,4.457566254463197,1.0495967256621683,1.0482724614595524,-5.542433745536803,1.7682166841836988e-09,True,True
inner_brentq,0.00023893180282986634,1.0495967253185734,4.457566252155759,1.049596725318573,1.048272461631137,-5.542433747844241,-4.440892098500626e-16,True,True
outer_brentq,0.00023893180282986634,1.0495967253185734,4.457566252155759,1.049596725318573,1.048272461631137,-5.542433747844241,-4.440892098500626e-16,True,True
inner_primary_lower,0.004869465901414933,0.2,8.956673775645816,1.2824232624106326,0.9616360360673202,-1.0433262243541837,1.0824232624106327,True,True
inner_primary_upper,0.004869465901414933,2.0,4.87124078383941,0.8645639250048304,1.170758462092091,-5.12875921616059,-1.1354360749951695,True,True
inner_brentq,0.004869465901414933,0.2,8.956673775645816,1.2824232624106326,0.9616360360673202,-1.0433262243541837,1.0824232624106327,True,True
inner_brentq,0.004869465901414933,2.0,4.87124078383941,0.8645639250048304,1.170758462092091,-5.12875921616059,-1.1354360749951695,True,True
inner_brentq,0.004869465901414933,1.0784875755998617,6.793762443392452,1.0662642759679213,1.0542167405735,-3.2062375566075483,-0.012223299631940465,True,True
inner_brentq,0.004869465901414933,1.0686780012296127,6.816253052115407,1.0685560000086687,1.0530884364966568,-3.1837469478845932,-0.00012200122094396804,True,True
inner_brentq,0.004869465901414933,1.0685791155452704,6.816479974032987,1.0685791165707301,1.053077074058729,-3.183520025967013,1.025459717141075e-09,True,True
inner_brentq,0.004869465901414933,1.06857911657956,6.816479971659309,1.0685791163289429,1.0530770741775675,-3.1835200283406913,-2.506170826421794e-10,True,True
outer_brentq,0.004869465901414933,1.06857911657956,6.816479971659309,1.0685791163289429,1.0530770741775675,-3.1835200283406913,-2.506170826421794e-10,True,True
inner_primary_lower,0.007184732950707467,0.2,12.474231366889253,1.2699833421844153,0.9756815590099901,2.474231366889253,1.0699833421844154,True,True
inner_primary_upper,0.007184732950707467,2.0,7.007698433577753,0.8699585250029475,1.178055067547691,-2.992301566422247,-1.1300414749970527,True,True
inner_brentq,0.007184732950707467,0.2,12.474231366889253,1.2699833421844153,0.9756815590099901,2.474231366889253,1.0699833421844154,True,True
inner_brentq,0.007184732950707467,2.0,7.007698433577753,0.8699585250029475,1.178055067547691,-2.992301566422247,-1.1300414749970527,True,True
inner_brentq,0.007184732950707467,1.0754310410004273,9.606044732775484,1.0647919881429573,1.065064581836853,-0.39395526722451635,-0.010639052857470022,True,True
inner_brentq,0.007184732950707467,1.0668121588071589,9.632481044759947,1.0667192790202815,1.0641058434104076,-0.36751895524005285,-9.287978687733123e-05,True,True
inner_brentq,0.007184732950707467,1.0667362591938243,9.632714018918037,1.0667362597823615,1.0640974079200927,-0.3672859810819631,5.885372189595728e-10,True,True
inner_brentq,0.007184732950707467,1.0667362602271924,9.632714015745911,1.0667362595511656,1.0640974080349412,-0.36728598425408876,-6.760267901029238e-10,True,True
outer_brentq,0.007184732950707467,1.0667362591938243,9.632714018918037,1.0667362597823615,1.0640974079200927,-0.3672859810819631,5.885372189595728e-10,True,True
inner_primary_lower,0.007442109652526997,0.2,13.11505680227437,1.2662044522202605,0.9784107479523967,3.1150568022743705,1.0662044522202605,True,True
inner_primary_upper,0.007442109652526997,2.0,7.399387463751836,0.8694827903797024,1.1798629328604613,-2.600612536248164,-1.1305172096202976,True,True
inner_brentq,0.007442109652526997,0.2,13.11505680227437,1.2662044522202605,0.9784107479523967,3.1150568022743705,1.0662044522202605,True,True
inner_brentq,0.007442109652526997,2.0,7.399387463751836,0.8694827903797024,1.1798629328604613,-2.600612536248164,-1.1305172096202976,True,True
inner_brentq,0.007442109652526997,1.0736509715065419,10.124027423949672,1.063254989331252,1.0672101764879995,0.1240274239496717,-0.01039598217528992,True,True
inner_brentq,0.007442109652526997,1.0652147312478186,10.15108795776198,1.065126090328779,1.0662763570790053,0.15108795776198036,-8.864091903970639e-05,True,True
inner_brentq,0.007442109652526997,1.0651421874261955,10.151320818358007,1.0651421879614693,1.0662683339282846,0.15132081835800726,5.35273825263971e-10,True,True
inner_brentq,0.007442109652526997,1.0651421884587666,10.15132081504218,1.0651421877323513,1.0662683340424717,0.15132081504217965,-7.264153722985611e-10,True,True
outer_brentq,0.007442109652526997,1.0651421874261955,10.151320818358007,1.0651421879614693,1.0662683339282846,0.15132081835800726,5.35273825263971e-10,True,True
inner_primary_lower,0.007367011421675274,0.2,12.919043645578366,1.267391641318191,0.9775737071443981,2.919043645578366,1.067391641318191,True,True
inner_primary_upper,0.007367011421675274,2.0,7.279523386064886,0.8696604719653089,1.1793010520215006,-2.720476613935114,-1.130339528034691,True,True
inner_brentq,0.007367011421675274,0.2,12.919043645578366,1.267391641318191,0.9775737071443981,2.919043645578366,1.067391641318191,True,True
inner_brentq,0.007367011421675274,2.0,7.279523386064886,0.8696604719653089,1.1793010520215006,-2.720476613935114,-1.130339528034691,True,True
inner_brentq,0.007367011421675274,1.0742220072978574,9.965426136473958,1.0637527696701832,1.066551591264107,-0.03457386352604175,-0.010469237627674266,True,True
inner_brentq,0.007367011421675274,1.065730709290368,9.992298713571419,1.0656407984925529,1.0656102870101711,-0.0077012864285812554,-8.991079781517364e-05,True,True
inner_brentq,0.007367011421675274,1.065657159715628,9.992531644184089,1.0656571602665892,1.0656021406432956,-0.0074683558159112096,5.509612766019245e-10,True,True
inner_brentq,0.007367011421675274,1.0656571607484564,9.99253164091363,1.0656571600368234,1.0656021407576937,-0.007468359086370668,-7.116329747702821e-10,True,True
outer_brentq,0.007367011421675274,1.065657159715628,9.992531644184089,1.0656571602665892,1.0656021406432956,-0.0074683558159112096,5.509612766019245e-10,True,True
inner_primary_lower,0.007370543528395168,0.2,12.928086323752282,1.2673374522358507,0.9776122830378435,2.9280863237522823,1.0673374522358507,True,True
inner_primary_upper,0.007370543528395168,2.0,7.285052041657349,0.8696528741173476,1.1793268103954957,-2.714947958342651,-1.1303471258826523,True,True
inner_brentq,0.007370543528395168,0.2,12.928086323752282,1.2673374522358507,0.9776122830378435,2.9280863237522823,1.0673374522358507,True,True
inner_brentq,0.007370543528395168,2.0,7.285052041657349,0.8696528741173476,1.1793268103954957,-2.714947958342651,-1.1303471258826523,True,True
inner_brentq,0.007370543528395168,1.0741961576985397,9.972739772590455,1.0637303201206547,1.066581933388163,-0.02726022740954548,-0.010465837577884995,True,True
inner_brentq,0.007370543528395168,1.0657074148229588,9.999621078650112,1.0656175631110993,1.0656409770040893,-0.00037892134988837256,-8.985171185948992e-05,True,True
inner_brentq,0.007370543528395168,1.0656339120362945,9.999854006716076,1.0656339125865093,1.065632836376179,-0.0001459932839242839,5.502147626401666e-10,True,True
inner_brentq,0.007370543528395168,1.0656339130691115,9.999854003442447,1.065633912356779,1.0656328364905625,-0.0001459965575527633,-7.123324152757959e-10,True,True
outer_brentq,0.007370543528395168,1.0656339120362945,9.999854006716076,1.0656339125865093,1.065632836376179,-0.0001459932839242839,5.502147626401666e-10,True,True
inner_primary_lower,0.007370613883670197,0.2,12.928266615860602,1.2673363712379861,0.9776130522008568,2.9282666158606023,1.0673363712379862,True,True
inner_primary_upper,0.007370613883670197,2.0,7.285162272537417,0.8696527220332533,1.1793273241276043,-2.714837727462583,-1.1303472779667467,True,True
inner_brentq,0.007370613883670197,0.2,12.928266615860602,1.2673363712379861,0.9776130522008568,2.9282666158606023,1.0673363712379862,True,True
inner_brentq,0.007370613883670197,2.0,7.285162272537417,0.8696527220332533,1.1793273241276043,-2.714837727462583,-1.1303472779667467,True,True
inner_brentq,0.007370613883670197,1.0741956418175083,9.972885594174166,1.0637298720095,1.0665825383874767,-0.027114405825834353,-0.010465769808008174,True,True
inner_brentq,0.007370613883670197,1.065706949871186,9.999767074211206,1.0656170993368868,1.0656415889366753,-0.00023292578879363646,-8.985053429921841e-05,True,True
inner_brentq,0.007370613883670197,1.0656334480169984,10.000000002223675,1.0656334485672123,1.065633448423122,2.2236754659843427e-09,5.502138744617469e-10,True,True
inner_brentq,0.007370613883670197,1.0656334490498152,9.999999998951445,1.065633448337472,1.065633448537516,-1.0485550205885374e-09,-7.123430734168323e-10,True,True
outer_brentq,0.007370613883670197,1.0656334480169984,10.000000002223675,1.0656334485672123,1.065633448423122,2.2236754659843427e-09,5.502138744617469e-10,True,True
inner_primary_lower,0.00737061337998489,0.2,12.928265325095886,1.2673363789772574,0.9776130466941835,2.928265325095886,1.0673363789772574,True,True
inner_primary_upper,0.00737061337998489,2.0,7.2851614833612945,0.8696527231221496,1.1793273204496209,-2.7148385166387055,-1.1303472768778504,True,True
inner_brentq,0.00737061337998489,0.2,12.928265325095886,1.2673363789772574,0.9776130466941835,2.928265325095886,1.0673363789772574,True,True
inner_brentq,0.00737061337998489,2.0,7.2851614833612945,0.8696527231221496,1.1793273204496209,-2.7148385166387055,-1.1303472768778504,True,True
inner_brentq,0.00737061337998489,1.074195645510924,9.972884550192592,1.0637298752177369,1.0665825340560953,-0.027115449807407543,-0.010465770293187182,True,True
inner_brentq,0.00737061337998489,1.0657069531999885,9.99976602898279,1.065617102657266,1.0656415845556495,-0.00023397101720945557,-8.98505427224805e-05,True,True
inner_brentq,0.00737061337998489,1.065633451339131,9.99999895699858,1.0656334518893313,1.0656334440412951,-1.0430014203421933e-06,5.502003297408464e-10,True,True
inner_brentq,0.00737061337998489,1.0656334523719477,9.999998953725289,1.0656334516596018,1.0656334441556803,-1.0462747113137993e-06,-7.123459599966964e-10,True,True
outer_brentq,0.00737061337998489,1.065633451339131,9.99999895699858,1.0656334518893313,1.0656334440412951,-1.0430014203421933e-06,5.502003297408464e-10,True,True
inner_primary_lower,0.007370613883670197,0.2,12.928266615860602,1.2673363712379861,0.9776130522008568,2.9282666158606023,1.0673363712379862,True,True
inner_primary_upper,0.007370613883670197,2.0,7.285162272537417,0.8696527220332533,1.1793273241276043,-2.714837727462583,-1.1303472779667467,True,True
inner_brentq,0.007370613883670197,0.2,12.928266615860602,1.2673363712379861,0.9776130522008568,2.9282666158606023,1.0673363712379862,True,True
inner_brentq,0.007370613883670197,2.0,7.285162272537417,0.8696527220332533,1.1793273241276043,-2.714837727462583,-1.1303472779667467,True,True
inner_brentq,0.007370613883670197,1.0741956418175083,9.972885594174166,1.0637298720095,1.0665825383874767,-0.027114405825834353,-0.010465769808008174,True,True
inner_brentq,0.007370613883670197,1.065706949871186,9.999767074211206,1.0656170993368868,1.0656415889366753,-0.00023292578879363646,-8.985053429921841e-05,True,True
inner_brentq,0.007370613883670197,1.0656334480169984,10.000000002223675,1.0656334485672123,1.065633448423122,2.2236754659843427e-09,5.502138744617469e-10,True,True
inner_brentq,0.007370613883670197,1.0656334490498152,9.999999998951445,1.065633448337472,1.065633448537516,-1.0485550205885374e-09,-7.123430734168323e-10,True,True
final,0.007370613883670197,1.0656334480169984,10.000000002223675,1.0656334485672123,1.065633448423122,2.2236754659843427e-09,5.502138744617469e-10,True,True
