variant,boundary,direction,kind,max,count_above_threshold,share_above_threshold,argmax_index,argmax_physical,value_at_argmax,quantiles_q50_q90_q95_q99,b_index,a_index,z_index,b,a,z,rate
G0_BASE,lower_a,a_backward,0.000000000e+00,0,0.000000000e+00,"(0, 0, 0)","(-2.0, 0.0, 0.8)",0.000000000e+00,NOT_APPLICABLE,,,,,,,
G0_BASE,upper_a,a_forward,2.640718827e-01,28,7.000000000e-01,"(14, 19, 1)","(3.1578947368421053, 10.0, 1.3)",2.640718827e-01,0.20265880202205963/0.25652049957419243/0.2615557792231614/0.26389746757596977,,,,,,,
G0_BASE,upper_a,a_forward,offending,3.175106194e-03,,,,,,,5,19,1,-1.578947368e-01,1.000000000e+01,1.300000000e+00,3.175106194e-03
G0_BASE,upper_a,a_forward,offending,1.034225218e-01,,,,,,,6,19,1,2.105263158e-01,1.000000000e+01,1.300000000e+00,1.034225218e-01
G0_BASE,upper_a,a_forward,offending,2.940147623e-02,,,,,,,7,19,0,5.789473684e-01,1.000000000e+01,8.000000000e-01,2.940147623e-02
G0_BASE,upper_a,a_forward,offending,1.460640158e-01,,,,,,,7,19,1,5.789473684e-01,1.000000000e+01,1.300000000e+00,1.460640158e-01
G0_BASE,upper_a,a_forward,offending,9.009153816e-02,,,,,,,8,19,0,9.473684211e-01,1.000000000e+01,8.000000000e-01,9.009153816e-02
G0_BASE,upper_a,a_forward,offending,1.763017040e-01,,,,,,,8,19,1,9.473684211e-01,1.000000000e+01,1.300000000e+00,1.763017040e-01
G0_BASE,upper_a,a_forward,offending,1.367105809e-01,,,,,,,9,19,0,1.315789474e+00,1.000000000e+01,8.000000000e-01,1.367105809e-01
G0_BASE,upper_a,a_forward,offending,2.031466324e-01,,,,,,,9,19,1,1.315789474e+00,1.000000000e+01,1.300000000e+00,2.031466324e-01
G0_BASE,upper_a,a_forward,offending,1.732706282e-01,,,,,,,10,19,0,1.684210526e+00,1.000000000e+01,8.000000000e-01,1.732706282e-01
G0_BASE,upper_a,a_forward,offending,2.253730726e-01,,,,,,,10,19,1,1.684210526e+00,1.000000000e+01,1.300000000e+00,2.253730726e-01
G0_BASE,upper_a,a_forward,offending,2.021709716e-01,,,,,,,11,19,0,2.052631579e+00,1.000000000e+01,8.000000000e-01,2.021709716e-01
G0_BASE,upper_a,a_forward,offending,2.429588552e-01,,,,,,,11,19,1,2.052631579e+00,1.000000000e+01,1.300000000e+00,2.429588552e-01
G0_BASE,upper_a,a_forward,offending,2.248302109e-01,,,,,,,12,19,0,2.421052632e+00,1.000000000e+01,8.000000000e-01,2.248302109e-01
G0_BASE,upper_a,a_forward,offending,2.558509867e-01,,,,,,,12,19,1,2.421052632e+00,1.000000000e+01,1.300000000e+00,2.558509867e-01
G0_BASE,upper_a,a_forward,offending,2.419158557e-01,,,,,,,13,19,0,2.789473684e+00,1.000000000e+01,8.000000000e-01,2.419158557e-01
G0_BASE,upper_a,a_forward,offending,2.634259008e-01,,,,,,,13,19,1,2.789473684e+00,1.000000000e+01,1.300000000e+00,2.634259008e-01
G0_BASE,upper_a,a_forward,offending,2.533455404e-01,,,,,,,14,19,0,3.157894737e+00,1.000000000e+01,8.000000000e-01,2.533455404e-01
G0_BASE,upper_a,a_forward,offending,2.640718827e-01,,,,,,,14,19,1,3.157894737e+00,1.000000000e+01,1.300000000e+00,2.640718827e-01
G0_BASE,upper_a,a_forward,offending,2.580826964e-01,,,,,,,15,19,0,3.526315789e+00,1.000000000e+01,8.000000000e-01,2.580826964e-01
G0_BASE,upper_a,a_forward,offending,2.546689128e-01,,,,,,,15,19,1,3.526315789e+00,1.000000000e+01,1.300000000e+00,2.546689128e-01
G0_BASE,upper_a,a_forward,offending,2.537143916e-01,,,,,,,16,19,0,3.894736842e+00,1.000000000e+01,8.000000000e-01,2.537143916e-01
G0_BASE,upper_a,a_forward,offending,2.305539903e-01,,,,,,,16,19,1,3.894736842e+00,1.000000000e+01,1.300000000e+00,2.305539903e-01
G0_BASE,upper_a,a_forward,offending,2.352871698e-01,,,,,,,17,19,0,4.263157895e+00,1.000000000e+01,8.000000000e-01,2.352871698e-01
G0_BASE,upper_a,a_forward,offending,1.867536785e-01,,,,,,,17,19,1,4.263157895e+00,1.000000000e+01,1.300000000e+00,1.867536785e-01
G0_BASE,upper_a,a_forward,offending,1.907037702e-01,,,,,,,18,19,0,4.631578947e+00,1.000000000e+01,8.000000000e-01,1.907037702e-01
G0_BASE,upper_a,a_forward,offending,1.206860239e-01,,,,,,,18,19,1,4.631578947e+00,1.000000000e+01,1.300000000e+00,1.206860239e-01
G0_BASE,upper_a,a_forward,offending,8.783338931e-02,,,,,,,19,19,0,5.000000000e+00,1.000000000e+01,8.000000000e-01,8.783338931e-02
G0_BASE,upper_a,a_forward,offending,3.635781425e-02,,,,,,,19,19,1,5.000000000e+00,1.000000000e+01,1.300000000e+00,3.635781425e-02
G1_B_WIDE_1,lower_a,a_backward,0.000000000e+00,0,0.000000000e+00,"(0, 0, 0)","(-2.0, 0.0, 0.8)",0.000000000e+00,NOT_APPLICABLE,,,,,,,
G1_B_WIDE_1,upper_a,a_forward,3.094730277e-01,68,8.500000000e-01,"(22, 19, 0)","(6.105263157894736, 10.0, 0.8)",3.094730277e-01,0.27570549025433355/0.30765703479367806/0.30886034443603066/0.30922430554204733,,,,,,,
G1_B_WIDE_1,upper_a,a_forward,offending,3.340559455e-03,,,,,,,5,19,1,-1.578947368e-01,1.000000000e+01,1.300000000e+00,3.340559455e-03
G1_B_WIDE_1,upper_a,a_forward,offending,1.037185052e-01,,,,,,,6,19,1,2.105263158e-01,1.000000000e+01,1.300000000e+00,1.037185052e-01
G1_B_WIDE_1,upper_a,a_forward,offending,2.961341708e-02,,,,,,,7,19,0,5.789473684e-01,1.000000000e+01,8.000000000e-01,2.961341708e-02
G1_B_WIDE_1,upper_a,a_forward,offending,1.464849560e-01,,,,,,,7,19,1,5.789473684e-01,1.000000000e+01,1.300000000e+00,1.464849560e-01
G1_B_WIDE_1,upper_a,a_forward,offending,9.044960205e-02,,,,,,,8,19,0,9.473684211e-01,1.000000000e+01,8.000000000e-01,9.044960205e-02
G1_B_WIDE_1,upper_a,a_forward,offending,1.770230905e-01,,,,,,,8,19,1,9.473684211e-01,1.000000000e+01,1.300000000e+00,1.770230905e-01
G1_B_WIDE_1,upper_a,a_forward,offending,1.373124883e-01,,,,,,,9,19,0,1.315789474e+00,1.000000000e+01,8.000000000e-01,1.373124883e-01
G1_B_WIDE_1,upper_a,a_forward,offending,2.043612125e-01,,,,,,,9,19,1,1.315789474e+00,1.000000000e+01,1.300000000e+00,2.043612125e-01
G1_B_WIDE_1,upper_a,a_forward,offending,1.742857243e-01,,,,,,,10,19,0,1.684210526e+00,1.000000000e+01,8.000000000e-01,1.742857243e-01
G1_B_WIDE_1,upper_a,a_forward,offending,2.274316378e-01,,,,,,,10,19,1,1.684210526e+00,1.000000000e+01,1.300000000e+00,2.274316378e-01
G1_B_WIDE_1,upper_a,a_forward,offending,2.039039604e-01,,,,,,,11,19,0,2.052631579e+00,1.000000000e+01,8.000000000e-01,2.039039604e-01
G1_B_WIDE_1,upper_a,a_forward,offending,2.465141984e-01,,,,,,,11,19,1,2.052631579e+00,1.000000000e+01,1.300000000e+00,2.465141984e-01
G1_B_WIDE_1,upper_a,a_forward,offending,2.278442047e-01,,,,,,,12,19,0,2.421052632e+00,1.000000000e+01,8.000000000e-01,2.278442047e-01
G1_B_WIDE_1,upper_a,a_forward,offending,2.621391198e-01,,,,,,,12,19,1,2.421052632e+00,1.000000000e+01,1.300000000e+00,2.621391198e-01
G1_B_WIDE_1,upper_a,a_forward,offending,2.472667309e-01,,,,,,,13,19,0,2.789473684e+00,1.000000000e+01,8.000000000e-01,2.472667309e-01
G1_B_WIDE_1,upper_a,a_forward,offending,2.747991012e-01,,,,,,,13,19,1,2.789473684e+00,1.000000000e+01,1.300000000e+00,2.747991012e-01
G1_B_WIDE_1,upper_a,a_forward,offending,2.630121070e-01,,,,,,,14,19,0,3.157894737e+00,1.000000000e+01,8.000000000e-01,2.630121070e-01
G1_B_WIDE_1,upper_a,a_forward,offending,2.849422674e-01,,,,,,,14,19,1,3.157894737e+00,1.000000000e+01,1.300000000e+00,2.849422674e-01
G1_B_WIDE_1,upper_a,a_forward,offending,2.757081090e-01,,,,,,,15,19,0,3.526315789e+00,1.000000000e+01,8.000000000e-01,2.757081090e-01
G1_B_WIDE_1,upper_a,a_forward,offending,2.929287953e-01,,,,,,,15,19,1,3.526315789e+00,1.000000000e+01,1.300000000e+00,2.929287953e-01
G1_B_WIDE_1,upper_a,a_forward,offending,2.858361362e-01,,,,,,,16,19,0,3.894736842e+00,1.000000000e+01,8.000000000e-01,2.858361362e-01
G1_B_WIDE_1,upper_a,a_forward,offending,2.990498670e-01,,,,,,,16,19,1,3.894736842e+00,1.000000000e+01,1.300000000e+00,2.990498670e-01
G1_B_WIDE_1,upper_a,a_forward,offending,2.937736161e-01,,,,,,,17,19,0,4.263157895e+00,1.000000000e+01,8.000000000e-01,2.937736161e-01
G1_B_WIDE_1,upper_a,a_forward,offending,3.035440044e-01,,,,,,,17,19,1,4.263157895e+00,1.000000000e+01,1.300000000e+00,3.035440044e-01
G1_B_WIDE_1,upper_a,a_forward,offending,2.998223714e-01,,,,,,,18,19,0,4.631578947e+00,1.000000000e+01,8.000000000e-01,2.998223714e-01
G1_B_WIDE_1,upper_a,a_forward,offending,3.066095975e-01,,,,,,,18,19,1,4.631578947e+00,1.000000000e+01,1.300000000e+00,3.066095975e-01
G1_B_WIDE_1,upper_a,a_forward,offending,3.042282429e-01,,,,,,,19,19,0,5.000000000e+00,1.000000000e+01,8.000000000e-01,3.042282429e-01
G1_B_WIDE_1,upper_a,a_forward,offending,3.084142656e-01,,,,,,,19,19,1,5.000000000e+00,1.000000000e+01,1.300000000e+00,3.084142656e-01
G1_B_WIDE_1,upper_a,a_forward,offending,3.071949835e-01,,,,,,,20,19,0,5.368421053e+00,1.000000000e+01,8.000000000e-01,3.071949835e-01
G1_B_WIDE_1,upper_a,a_forward,offending,3.091018006e-01,,,,,,,20,19,1,5.368421053e+00,1.000000000e+01,1.300000000e+00,3.091018006e-01
G1_B_WIDE_1,upper_a,a_forward,offending,3.088942713e-01,,,,,,,21,19,0,5.736842105e+00,1.000000000e+01,8.000000000e-01,3.088942713e-01
G1_B_WIDE_1,upper_a,a_forward,offending,3.087973373e-01,,,,,,,21,19,1,5.736842105e+00,1.000000000e+01,1.300000000e+00,3.087973373e-01
G1_B_WIDE_1,upper_a,a_forward,offending,3.094730277e-01,,,,,,,22,19,0,6.105263158e+00,1.000000000e+01,8.000000000e-01,3.094730277e-01
G1_B_WIDE_1,upper_a,a_forward,offending,3.076112249e-01,,,,,,,22,19,1,6.105263158e+00,1.000000000e+01,1.300000000e+00,3.076112249e-01
G1_B_WIDE_1,upper_a,a_forward,offending,3.090588270e-01,,,,,,,23,19,0,6.473684211e+00,1.000000000e+01,8.000000000e-01,3.090588270e-01
G1_B_WIDE_1,upper_a,a_forward,offending,3.056419347e-01,,,,,,,23,19,1,6.473684211e+00,1.000000000e+01,1.300000000e+00,3.056419347e-01
G1_B_WIDE_1,upper_a,a_forward,offending,3.077639246e-01,,,,,,,24,19,0,6.842105263e+00,1.000000000e+01,8.000000000e-01,3.077639246e-01
G1_B_WIDE_1,upper_a,a_forward,offending,3.029782303e-01,,,,,,,24,19,1,6.842105263e+00,1.000000000e+01,1.300000000e+00,3.029782303e-01
G1_B_WIDE_1,upper_a,a_forward,offending,3.056882553e-01,,,,,,,25,19,0,7.210526316e+00,1.000000000e+01,8.000000000e-01,3.056882553e-01
G1_B_WIDE_1,upper_a,a_forward,offending,2.997007346e-01,,,,,,,25,19,1,7.210526316e+00,1.000000000e+01,1.300000000e+00,2.997007346e-01
G1_B_WIDE_1,upper_a,a_forward,offending,3.029216260e-01,,,,,,,26,19,0,7.578947368e+00,1.000000000e+01,8.000000000e-01,3.029216260e-01
G1_B_WIDE_1,upper_a,a_forward,offending,2.958829316e-01,,,,,,,26,19,1,7.578947368e+00,1.000000000e+01,1.300000000e+00,2.958829316e-01
G1_B_WIDE_1,upper_a,a_forward,offending,2.995452007e-01,,,,,,,27,19,0,7.947368421e+00,1.000000000e+01,8.000000000e-01,2.995452007e-01
G1_B_WIDE_1,upper_a,a_forward,offending,2.915914887e-01,,,,,,,27,19,1,7.947368421e+00,1.000000000e+01,1.300000000e+00,2.915914887e-01
G1_B_WIDE_1,upper_a,a_forward,offending,2.956322187e-01,,,,,,,28,19,0,8.315789474e+00,1.000000000e+01,8.000000000e-01,2.956322187e-01
G1_B_WIDE_1,upper_a,a_forward,offending,2.868854962e-01,,,,,,,28,19,1,8.315789474e+00,1.000000000e+01,1.300000000e+00,2.868854962e-01
G1_B_WIDE_1,upper_a,a_forward,offending,2.912476007e-01,,,,,,,29,19,0,8.684210526e+00,1.000000000e+01,8.000000000e-01,2.912476007e-01
G1_B_WIDE_1,upper_a,a_forward,offending,2.818136042e-01,,,,,,,29,19,1,8.684210526e+00,1.000000000e+01,1.300000000e+00,2.818136042e-01
G1_B_WIDE_1,upper_a,a_forward,offending,2.864455178e-01,,,,,,,30,19,0,9.052631579e+00,1.000000000e+01,8.000000000e-01,2.864455178e-01
G1_B_WIDE_1,upper_a,a_forward,offending,2.764066887e-01,,,,,,,30,19,1,9.052631579e+00,1.000000000e+01,1.300000000e+00,2.764066887e-01
G1_B_WIDE_1,upper_a,a_forward,offending,2.812627406e-01,,,,,,,31,19,0,9.421052632e+00,1.000000000e+01,8.000000000e-01,2.812627406e-01
G1_B_WIDE_1,upper_a,a_forward,offending,2.706607331e-01,,,,,,,31,19,1,9.421052632e+00,1.000000000e+01,1.300000000e+00,2.706607331e-01
G1_B_WIDE_1,upper_a,a_forward,offending,2.757028715e-01,,,,,,,32,19,0,9.789473684e+00,1.000000000e+01,8.000000000e-01,2.757028715e-01
G1_B_WIDE_1,upper_a,a_forward,offending,2.644982828e-01,,,,,,,32,19,1,9.789473684e+00,1.000000000e+01,1.300000000e+00,2.644982828e-01
G1_B_WIDE_1,upper_a,a_forward,offending,2.697006825e-01,,,,,,,33,19,0,1.015789474e+01,1.000000000e+01,8.000000000e-01,2.697006825e-01
G1_B_WIDE_1,upper_a,a_forward,offending,2.576836919e-01,,,,,,,33,19,1,1.015789474e+01,1.000000000e+01,1.300000000e+00,2.576836919e-01
G1_B_WIDE_1,upper_a,a_forward,offending,2.630428918e-01,,,,,,,34,19,0,1.052631579e+01,1.000000000e+01,8.000000000e-01,2.630428918e-01
G1_B_WIDE_1,upper_a,a_forward,offending,2.496421343e-01,,,,,,,34,19,1,1.052631579e+01,1.000000000e+01,1.300000000e+00,2.496421343e-01
G1_B_WIDE_1,upper_a,a_forward,offending,2.551905443e-01,,,,,,,35,19,0,1.089473684e+01,1.000000000e+01,8.000000000e-01,2.551905443e-01
G1_B_WIDE_1,upper_a,a_forward,offending,2.390924420e-01,,,,,,,35,19,1,1.089473684e+01,1.000000000e+01,1.300000000e+00,2.390924420e-01
G1_B_WIDE_1,upper_a,a_forward,offending,2.448504556e-01,,,,,,,36,19,0,1.126315789e+01,1.000000000e+01,8.000000000e-01,2.448504556e-01
G1_B_WIDE_1,upper_a,a_forward,offending,2.233775713e-01,,,,,,,36,19,1,1.126315789e+01,1.000000000e+01,1.300000000e+00,2.233775713e-01
G1_B_WIDE_1,upper_a,a_forward,offending,2.287287194e-01,,,,,,,37,19,0,1.163157895e+01,1.000000000e+01,8.000000000e-01,2.287287194e-01
G1_B_WIDE_1,upper_a,a_forward,offending,1.975216189e-01,,,,,,,37,19,1,1.163157895e+01,1.000000000e+01,1.300000000e+00,1.975216189e-01
G1_B_WIDE_1,upper_a,a_forward,offending,1.970610811e-01,,,,,,,38,19,0,1.200000000e+01,1.000000000e+01,8.000000000e-01,1.970610811e-01
G1_B_WIDE_1,upper_a,a_forward,offending,1.538275023e-01,,,,,,,38,19,1,1.200000000e+01,1.000000000e+01,1.300000000e+00,1.538275023e-01
G1_B_WIDE_1,upper_a,a_forward,offending,1.186582564e-01,,,,,,,39,19,0,1.236842105e+01,1.000000000e+01,8.000000000e-01,1.186582564e-01
G1_B_WIDE_1,upper_a,a_forward,offending,8.503454305e-02,,,,,,,39,19,1,1.236842105e+01,1.000000000e+01,1.300000000e+00,8.503454305e-02
G2_B_WIDE_2,lower_a,a_backward,0.000000000e+00,0,0.000000000e+00,"(0, 0, 0)","(-2.0, 0.0, 0.8)",0.000000000e+00,NOT_APPLICABLE,,,,,,,
G2_B_WIDE_2,upper_a,a_forward,3.094730854e-01,108,9.000000000e-01,"(22, 19, 0)","(6.105263157894736, 10.0, 0.8)",3.094730854e-01,0.23145883289925248/0.3056562876941999/0.3081867641670209/0.30909882691513546,,,,,,,
G2_B_WIDE_2,upper_a,a_forward,offending,3.340559457e-03,,,,,,,5,19,1,-1.578947368e-01,1.000000000e+01,1.300000000e+00,3.340559457e-03
G2_B_WIDE_2,upper_a,a_forward,offending,1.037185052e-01,,,,,,,6,19,1,2.105263158e-01,1.000000000e+01,1.300000000e+00,1.037185052e-01
G2_B_WIDE_2,upper_a,a_forward,offending,2.961341708e-02,,,,,,,7,19,0,5.789473684e-01,1.000000000e+01,8.000000000e-01,2.961341708e-02
G2_B_WIDE_2,upper_a,a_forward,offending,1.464849560e-01,,,,,,,7,19,1,5.789473684e-01,1.000000000e+01,1.300000000e+00,1.464849560e-01
G2_B_WIDE_2,upper_a,a_forward,offending,9.044960205e-02,,,,,,,8,19,0,9.473684211e-01,1.000000000e+01,8.000000000e-01,9.044960205e-02
G2_B_WIDE_2,upper_a,a_forward,offending,1.770230905e-01,,,,,,,8,19,1,9.473684211e-01,1.000000000e+01,1.300000000e+00,1.770230905e-01
G2_B_WIDE_2,upper_a,a_forward,offending,1.373124883e-01,,,,,,,9,19,0,1.315789474e+00,1.000000000e+01,8.000000000e-01,1.373124883e-01
G2_B_WIDE_2,upper_a,a_forward,offending,2.043612125e-01,,,,,,,9,19,1,1.315789474e+00,1.000000000e+01,1.300000000e+00,2.043612125e-01
G2_B_WIDE_2,upper_a,a_forward,offending,1.742857243e-01,,,,,,,10,19,0,1.684210526e+00,1.000000000e+01,8.000000000e-01,1.742857243e-01
G2_B_WIDE_2,upper_a,a_forward,offending,2.274316379e-01,,,,,,,10,19,1,1.684210526e+00,1.000000000e+01,1.300000000e+00,2.274316379e-01
G2_B_WIDE_2,upper_a,a_forward,offending,2.039039604e-01,,,,,,,11,19,0,2.052631579e+00,1.000000000e+01,8.000000000e-01,2.039039604e-01
G2_B_WIDE_2,upper_a,a_forward,offending,2.465141985e-01,,,,,,,11,19,1,2.052631579e+00,1.000000000e+01,1.300000000e+00,2.465141985e-01
G2_B_WIDE_2,upper_a,a_forward,offending,2.278442048e-01,,,,,,,12,19,0,2.421052632e+00,1.000000000e+01,8.000000000e-01,2.278442048e-01
G2_B_WIDE_2,upper_a,a_forward,offending,2.621391199e-01,,,,,,,12,19,1,2.421052632e+00,1.000000000e+01,1.300000000e+00,2.621391199e-01
G2_B_WIDE_2,upper_a,a_forward,offending,2.472667309e-01,,,,,,,13,19,0,2.789473684e+00,1.000000000e+01,8.000000000e-01,2.472667309e-01
G2_B_WIDE_2,upper_a,a_forward,offending,2.747991013e-01,,,,,,,13,19,1,2.789473684e+00,1.000000000e+01,1.300000000e+00,2.747991013e-01
G2_B_WIDE_2,upper_a,a_forward,offending,2.630121071e-01,,,,,,,14,19,0,3.157894737e+00,1.000000000e+01,8.000000000e-01,2.630121071e-01
G2_B_WIDE_2,upper_a,a_forward,offending,2.849422677e-01,,,,,,,14,19,1,3.157894737e+00,1.000000000e+01,1.300000000e+00,2.849422677e-01
G2_B_WIDE_2,upper_a,a_forward,offending,2.757081093e-01,,,,,,,15,19,0,3.526315789e+00,1.000000000e+01,8.000000000e-01,2.757081093e-01
G2_B_WIDE_2,upper_a,a_forward,offending,2.929287959e-01,,,,,,,15,19,1,3.526315789e+00,1.000000000e+01,1.300000000e+00,2.929287959e-01
G2_B_WIDE_2,upper_a,a_forward,offending,2.858361367e-01,,,,,,,16,19,0,3.894736842e+00,1.000000000e+01,8.000000000e-01,2.858361367e-01
G2_B_WIDE_2,upper_a,a_forward,offending,2.990498682e-01,,,,,,,16,19,1,3.894736842e+00,1.000000000e+01,1.300000000e+00,2.990498682e-01
G2_B_WIDE_2,upper_a,a_forward,offending,2.937736172e-01,,,,,,,17,19,0,4.263157895e+00,1.000000000e+01,8.000000000e-01,2.937736172e-01
G2_B_WIDE_2,upper_a,a_forward,offending,3.035440069e-01,,,,,,,17,19,1,4.263157895e+00,1.000000000e+01,1.300000000e+00,3.035440069e-01
G2_B_WIDE_2,upper_a,a_forward,offending,2.998223737e-01,,,,,,,18,19,0,4.631578947e+00,1.000000000e+01,8.000000000e-01,2.998223737e-01
G2_B_WIDE_2,upper_a,a_forward,offending,3.066096029e-01,,,,,,,18,19,1,4.631578947e+00,1.000000000e+01,1.300000000e+00,3.066096029e-01
G2_B_WIDE_2,upper_a,a_forward,offending,3.042282478e-01,,,,,,,19,19,0,5.000000000e+00,1.000000000e+01,8.000000000e-01,3.042282478e-01
G2_B_WIDE_2,upper_a,a_forward,offending,3.084142775e-01,,,,,,,19,19,1,5.000000000e+00,1.000000000e+01,1.300000000e+00,3.084142775e-01
G2_B_WIDE_2,upper_a,a_forward,offending,3.071949946e-01,,,,,,,20,19,0,5.368421053e+00,1.000000000e+01,8.000000000e-01,3.071949946e-01
G2_B_WIDE_2,upper_a,a_forward,offending,3.091018276e-01,,,,,,,20,19,1,5.368421053e+00,1.000000000e+01,1.300000000e+00,3.091018276e-01
G2_B_WIDE_2,upper_a,a_forward,offending,3.088942964e-01,,,,,,,21,19,0,5.736842105e+00,1.000000000e+01,8.000000000e-01,3.088942964e-01
G2_B_WIDE_2,upper_a,a_forward,offending,3.087973991e-01,,,,,,,21,19,1,5.736842105e+00,1.000000000e+01,1.300000000e+00,3.087973991e-01
G2_B_WIDE_2,upper_a,a_forward,offending,3.094730854e-01,,,,,,,22,19,0,6.105263158e+00,1.000000000e+01,8.000000000e-01,3.094730854e-01
G2_B_WIDE_2,upper_a,a_forward,offending,3.076113682e-01,,,,,,,22,19,1,6.105263158e+00,1.000000000e+01,1.300000000e+00,3.076113682e-01
G2_B_WIDE_2,upper_a,a_forward,offending,3.090589613e-01,,,,,,,23,19,0,6.473684211e+00,1.000000000e+01,8.000000000e-01,3.090589613e-01
G2_B_WIDE_2,upper_a,a_forward,offending,3.056422696e-01,,,,,,,23,19,1,6.473684211e+00,1.000000000e+01,1.300000000e+00,3.056422696e-01
G2_B_WIDE_2,upper_a,a_forward,offending,3.077642394e-01,,,,,,,24,19,0,6.842105263e+00,1.000000000e+01,8.000000000e-01,3.077642394e-01
G2_B_WIDE_2,upper_a,a_forward,offending,3.029790173e-01,,,,,,,24,19,1,6.842105263e+00,1.000000000e+01,1.300000000e+00,3.029790173e-01
G2_B_WIDE_2,upper_a,a_forward,offending,3.056889965e-01,,,,,,,25,19,0,7.210526316e+00,1.000000000e+01,8.000000000e-01,3.056889965e-01
G2_B_WIDE_2,upper_a,a_forward,offending,2.997025893e-01,,,,,,,25,19,1,7.210526316e+00,1.000000000e+01,1.300000000e+00,2.997025893e-01
G2_B_WIDE_2,upper_a,a_forward,offending,3.029233744e-01,,,,,,,26,19,0,7.578947368e+00,1.000000000e+01,8.000000000e-01,3.029233744e-01
G2_B_WIDE_2,upper_a,a_forward,offending,2.958873054e-01,,,,,,,26,19,1,7.578947368e+00,1.000000000e+01,1.300000000e+00,2.958873054e-01
G2_B_WIDE_2,upper_a,a_forward,offending,2.995493250e-01,,,,,,,27,19,0,7.947368421e+00,1.000000000e+01,8.000000000e-01,2.995493250e-01
G2_B_WIDE_2,upper_a,a_forward,offending,2.916017913e-01,,,,,,,27,19,1,7.947368421e+00,1.000000000e+01,1.300000000e+00,2.916017913e-01
G2_B_WIDE_2,upper_a,a_forward,offending,2.956419311e-01,,,,,,,28,19,0,8.315789474e+00,1.000000000e+01,8.000000000e-01,2.956419311e-01
G2_B_WIDE_2,upper_a,a_forward,offending,2.869097005e-01,,,,,,,28,19,1,8.315789474e+00,1.000000000e+01,1.300000000e+00,2.869097005e-01
G2_B_WIDE_2,upper_a,a_forward,offending,2.912704026e-01,,,,,,,29,19,0,8.684210526e+00,1.000000000e+01,8.000000000e-01,2.912704026e-01
G2_B_WIDE_2,upper_a,a_forward,offending,2.818702489e-01,,,,,,,29,19,1,8.684210526e+00,1.000000000e+01,1.300000000e+00,2.818702489e-01
G2_B_WIDE_2,upper_a,a_forward,offending,2.864988227e-01,,,,,,,30,19,0,9.052631579e+00,1.000000000e+01,8.000000000e-01,2.864988227e-01
G2_B_WIDE_2,upper_a,a_forward,offending,2.765386056e-01,,,,,,,30,19,1,9.052631579e+00,1.000000000e+01,1.300000000e+00,2.765386056e-01
G2_B_WIDE_2,upper_a,a_forward,offending,2.813867019e-01,,,,,,,31,19,0,9.421052632e+00,1.000000000e+01,8.000000000e-01,2.813867019e-01
G2_B_WIDE_2,upper_a,a_forward,offending,2.709661747e-01,,,,,,,31,19,1,9.421052632e+00,1.000000000e+01,1.300000000e+00,2.709661747e-01
G2_B_WIDE_2,upper_a,a_forward,offending,2.759893837e-01,,,,,,,32,19,0,9.789473684e+00,1.000000000e+01,8.000000000e-01,2.759893837e-01
G2_B_WIDE_2,upper_a,a_forward,offending,2.652007959e-01,,,,,,,32,19,1,9.789473684e+00,1.000000000e+01,1.300000000e+00,2.652007959e-01
G2_B_WIDE_2,upper_a,a_forward,offending,2.703583409e-01,,,,,,,33,19,0,1.015789474e+01,1.000000000e+01,8.000000000e-01,2.703583409e-01
G2_B_WIDE_2,upper_a,a_forward,offending,2.592868867e-01,,,,,,,33,19,1,1.015789474e+01,1.000000000e+01,1.300000000e+00,2.592868867e-01
G2_B_WIDE_2,upper_a,a_forward,offending,2.645413874e-01,,,,,,,34,19,0,1.052631579e+01,1.000000000e+01,8.000000000e-01,2.645413874e-01
G2_B_WIDE_2,upper_a,a_forward,offending,2.532655457e-01,,,,,,,34,19,1,1.052631579e+01,1.000000000e+01,1.300000000e+00,2.532655457e-01
G2_B_WIDE_2,upper_a,a_forward,offending,2.585828323e-01,,,,,,,35,19,0,1.089473684e+01,1.000000000e+01,8.000000000e-01,2.585828323e-01
G2_B_WIDE_2,upper_a,a_forward,offending,2.471746309e-01,,,,,,,35,19,1,1.089473684e+01,1.000000000e+01,1.300000000e+00,2.471746309e-01
G2_B_WIDE_2,upper_a,a_forward,offending,2.525235937e-01,,,,,,,36,19,0,1.126315789e+01,1.000000000e+01,8.000000000e-01,2.525235937e-01
G2_B_WIDE_2,upper_a,a_forward,offending,2.410488259e-01,,,,,,,36,19,1,1.126315789e+01,1.000000000e+01,1.300000000e+00,2.410488259e-01
G2_B_WIDE_2,upper_a,a_forward,offending,2.464012874e-01,,,,,,,37,19,0,1.163157895e+01,1.000000000e+01,8.000000000e-01,2.464012874e-01
G2_B_WIDE_2,upper_a,a_forward,offending,2.349197029e-01,,,,,,,37,19,1,1.163157895e+01,1.000000000e+01,1.300000000e+00,2.349197029e-01
G2_B_WIDE_2,upper_a,a_forward,offending,2.402503032e-01,,,,,,,38,19,0,1.200000000e+01,1.000000000e+01,8.000000000e-01,2.402503032e-01
G2_B_WIDE_2,upper_a,a_forward,offending,2.288157892e-01,,,,,,,38,19,1,1.200000000e+01,1.000000000e+01,1.300000000e+00,2.288157892e-01
G2_B_WIDE_2,upper_a,a_forward,offending,2.341018766e-01,,,,,,,39,19,0,1.236842105e+01,1.000000000e+01,8.000000000e-01,2.341018766e-01
G2_B_WIDE_2,upper_a,a_forward,offending,2.227626413e-01,,,,,,,39,19,1,1.236842105e+01,1.000000000e+01,1.300000000e+00,2.227626413e-01
G2_B_WIDE_2,upper_a,a_forward,offending,2.279841644e-01,,,,,,,40,19,0,1.273684211e+01,1.000000000e+01,8.000000000e-01,2.279841644e-01
G2_B_WIDE_2,upper_a,a_forward,offending,2.167829297e-01,,,,,,,40,19,1,1.273684211e+01,1.000000000e+01,1.300000000e+00,2.167829297e-01
G2_B_WIDE_2,upper_a,a_forward,offending,2.219223252e-01,,,,,,,41,19,0,1.310526316e+01,1.000000000e+01,8.000000000e-01,2.219223252e-01
G2_B_WIDE_2,upper_a,a_forward,offending,2.108965312e-01,,,,,,,41,19,1,1.310526316e+01,1.000000000e+01,1.300000000e+00,2.108965312e-01
G2_B_WIDE_2,upper_a,a_forward,offending,2.159386077e-01,,,,,,,42,19,0,1.347368421e+01,1.000000000e+01,8.000000000e-01,2.159386077e-01
G2_B_WIDE_2,upper_a,a_forward,offending,2.051206256e-01,,,,,,,42,19,1,1.347368421e+01,1.000000000e+01,1.300000000e+00,2.051206256e-01
G2_B_WIDE_2,upper_a,a_forward,offending,2.100524420e-01,,,,,,,43,19,0,1.384210526e+01,1.000000000e+01,8.000000000e-01,2.100524420e-01
G2_B_WIDE_2,upper_a,a_forward,offending,1.994697832e-01,,,,,,,43,19,1,1.384210526e+01,1.000000000e+01,1.300000000e+00,1.994697832e-01
G2_B_WIDE_2,upper_a,a_forward,offending,2.042805231e-01,,,,,,,44,19,0,1.421052632e+01,1.000000000e+01,8.000000000e-01,2.042805231e-01
G2_B_WIDE_2,upper_a,a_forward,offending,1.939560178e-01,,,,,,,44,19,1,1.421052632e+01,1.000000000e+01,1.300000000e+00,1.939560178e-01
G2_B_WIDE_2,upper_a,a_forward,offending,1.986368647e-01,,,,,,,45,19,0,1.457894737e+01,1.000000000e+01,8.000000000e-01,1.986368647e-01
G2_B_WIDE_2,upper_a,a_forward,offending,1.885887524e-01,,,,,,,45,19,1,1.457894737e+01,1.000000000e+01,1.300000000e+00,1.885887524e-01
G2_B_WIDE_2,upper_a,a_forward,offending,1.931327727e-01,,,,,,,46,19,0,1.494736842e+01,1.000000000e+01,8.000000000e-01,1.931327727e-01
G2_B_WIDE_2,upper_a,a_forward,offending,1.833745893e-01,,,,,,,46,19,1,1.494736842e+01,1.000000000e+01,1.300000000e+00,1.833745893e-01
G2_B_WIDE_2,upper_a,a_forward,offending,1.877766394e-01,,,,,,,47,19,0,1.531578947e+01,1.000000000e+01,8.000000000e-01,1.877766394e-01
G2_B_WIDE_2,upper_a,a_forward,offending,1.783166628e-01,,,,,,,47,19,1,1.531578947e+01,1.000000000e+01,1.300000000e+00,1.783166628e-01
G2_B_WIDE_2,upper_a,a_forward,offending,1.825733514e-01,,,,,,,48,19,0,1.568421053e+01,1.000000000e+01,8.000000000e-01,1.825733514e-01
G2_B_WIDE_2,upper_a,a_forward,offending,1.734131184e-01,,,,,,,48,19,1,1.568421053e+01,1.000000000e+01,1.300000000e+00,1.734131184e-01
G2_B_WIDE_2,upper_a,a_forward,offending,1.775228849e-01,,,,,,,49,19,0,1.605263158e+01,1.000000000e+01,8.000000000e-01,1.775228849e-01
G2_B_WIDE_2,upper_a,a_forward,offending,1.686537742e-01,,,,,,,49,19,1,1.605263158e+01,1.000000000e+01,1.300000000e+00,1.686537742e-01
G2_B_WIDE_2,upper_a,a_forward,offending,1.726172078e-01,,,,,,,50,19,0,1.642105263e+01,1.000000000e+01,8.000000000e-01,1.726172078e-01
G2_B_WIDE_2,upper_a,a_forward,offending,1.640130249e-01,,,,,,,50,19,1,1.642105263e+01,1.000000000e+01,1.300000000e+00,1.640130249e-01
G2_B_WIDE_2,upper_a,a_forward,offending,1.678336658e-01,,,,,,,51,19,0,1.678947368e+01,1.000000000e+01,8.000000000e-01,1.678336658e-01
G2_B_WIDE_2,upper_a,a_forward,offending,1.594350065e-01,,,,,,,51,19,1,1.678947368e+01,1.000000000e+01,1.300000000e+00,1.594350065e-01
G2_B_WIDE_2,upper_a,a_forward,offending,1.631210600e-01,,,,,,,52,19,0,1.715789474e+01,1.000000000e+01,8.000000000e-01,1.631210600e-01
G2_B_WIDE_2,upper_a,a_forward,offending,1.548029105e-01,,,,,,,52,19,1,1.715789474e+01,1.000000000e+01,1.300000000e+00,1.548029105e-01
G2_B_WIDE_2,upper_a,a_forward,offending,1.583703903e-01,,,,,,,53,19,0,1.752631579e+01,1.000000000e+01,8.000000000e-01,1.583703903e-01
G2_B_WIDE_2,upper_a,a_forward,offending,1.498761853e-01,,,,,,,53,19,1,1.752631579e+01,1.000000000e+01,1.300000000e+00,1.498761853e-01
G2_B_WIDE_2,upper_a,a_forward,offending,1.533524901e-01,,,,,,,54,19,0,1.789473684e+01,1.000000000e+01,8.000000000e-01,1.533524901e-01
G2_B_WIDE_2,upper_a,a_forward,offending,1.441640461e-01,,,,,,,54,19,1,1.789473684e+01,1.000000000e+01,1.300000000e+00,1.441640461e-01
G2_B_WIDE_2,upper_a,a_forward,offending,1.475789427e-01,,,,,,,55,19,0,1.826315789e+01,1.000000000e+01,8.000000000e-01,1.475789427e-01
G2_B_WIDE_2,upper_a,a_forward,offending,1.366782822e-01,,,,,,,55,19,1,1.826315789e+01,1.000000000e+01,1.300000000e+00,1.366782822e-01
G2_B_WIDE_2,upper_a,a_forward,offending,1.399592878e-01,,,,,,,56,19,0,1.863157895e+01,1.000000000e+01,8.000000000e-01,1.399592878e-01
G2_B_WIDE_2,upper_a,a_forward,offending,1.254800996e-01,,,,,,,56,19,1,1.863157895e+01,1.000000000e+01,1.300000000e+00,1.254800996e-01
G2_B_WIDE_2,upper_a,a_forward,offending,1.278117117e-01,,,,,,,57,19,0,1.900000000e+01,1.000000000e+01,8.000000000e-01,1.278117117e-01
G2_B_WIDE_2,upper_a,a_forward,offending,1.069659496e-01,,,,,,,57,19,1,1.900000000e+01,1.000000000e+01,1.300000000e+00,1.069659496e-01
G2_B_WIDE_2,upper_a,a_forward,offending,1.035790954e-01,,,,,,,58,19,0,1.936842105e+01,1.000000000e+01,8.000000000e-01,1.035790954e-01
G2_B_WIDE_2,upper_a,a_forward,offending,7.518195558e-02,,,,,,,58,19,1,1.936842105e+01,1.000000000e+01,1.300000000e+00,7.518195558e-02
G2_B_WIDE_2,upper_a,a_forward,offending,4.435779913e-02,,,,,,,59,19,0,1.973684211e+01,1.000000000e+01,8.000000000e-01,4.435779913e-02
G2_B_WIDE_2,upper_a,a_forward,offending,2.288176893e-02,,,,,,,59,19,1,1.973684211e+01,1.000000000e+01,1.300000000e+00,2.288176893e-02
G3_B_WIDE_3,lower_a,a_backward,0.000000000e+00,0,0.000000000e+00,"(0, 0, 0)","(-2.0, 0.0, 0.8)",0.000000000e+00,NOT_APPLICABLE,,,,,,,
G3_B_WIDE_3,upper_a,a_forward,3.094730854e-01,147,9.187500000e-01,"(22, 19, 0)","(6.105263157894736, 10.0, 0.8)",3.094730854e-01,0.18778561290889315/0.3029456315866084/0.3074864560785257/0.3090821090878547,,,,,,,
G3_B_WIDE_3,upper_a,a_forward,offending,3.340559457e-03,,,,,,,5,19,1,-1.578947368e-01,1.000000000e+01,1.300000000e+00,3.340559457e-03
G3_B_WIDE_3,upper_a,a_forward,offending,1.037185052e-01,,,,,,,6,19,1,2.105263158e-01,1.000000000e+01,1.300000000e+00,1.037185052e-01
G3_B_WIDE_3,upper_a,a_forward,offending,2.961341708e-02,,,,,,,7,19,0,5.789473684e-01,1.000000000e+01,8.000000000e-01,2.961341708e-02
G3_B_WIDE_3,upper_a,a_forward,offending,1.464849560e-01,,,,,,,7,19,1,5.789473684e-01,1.000000000e+01,1.300000000e+00,1.464849560e-01
G3_B_WIDE_3,upper_a,a_forward,offending,9.044960205e-02,,,,,,,8,19,0,9.473684211e-01,1.000000000e+01,8.000000000e-01,9.044960205e-02
G3_B_WIDE_3,upper_a,a_forward,offending,1.770230905e-01,,,,,,,8,19,1,9.473684211e-01,1.000000000e+01,1.300000000e+00,1.770230905e-01
G3_B_WIDE_3,upper_a,a_forward,offending,1.373124883e-01,,,,,,,9,19,0,1.315789474e+00,1.000000000e+01,8.000000000e-01,1.373124883e-01
G3_B_WIDE_3,upper_a,a_forward,offending,2.043612125e-01,,,,,,,9,19,1,1.315789474e+00,1.000000000e+01,1.300000000e+00,2.043612125e-01
G3_B_WIDE_3,upper_a,a_forward,offending,1.742857243e-01,,,,,,,10,19,0,1.684210526e+00,1.000000000e+01,8.000000000e-01,1.742857243e-01
G3_B_WIDE_3,upper_a,a_forward,offending,2.274316379e-01,,,,,,,10,19,1,1.684210526e+00,1.000000000e+01,1.300000000e+00,2.274316379e-01
G3_B_WIDE_3,upper_a,a_forward,offending,2.039039604e-01,,,,,,,11,19,0,2.052631579e+00,1.000000000e+01,8.000000000e-01,2.039039604e-01
G3_B_WIDE_3,upper_a,a_forward,offending,2.465141985e-01,,,,,,,11,19,1,2.052631579e+00,1.000000000e+01,1.300000000e+00,2.465141985e-01
G3_B_WIDE_3,upper_a,a_forward,offending,2.278442048e-01,,,,,,,12,19,0,2.421052632e+00,1.000000000e+01,8.000000000e-01,2.278442048e-01
G3_B_WIDE_3,upper_a,a_forward,offending,2.621391199e-01,,,,,,,12,19,1,2.421052632e+00,1.000000000e+01,1.300000000e+00,2.621391199e-01
G3_B_WIDE_3,upper_a,a_forward,offending,2.472667309e-01,,,,,,,13,19,0,2.789473684e+00,1.000000000e+01,8.000000000e-01,2.472667309e-01
G3_B_WIDE_3,upper_a,a_forward,offending,2.747991013e-01,,,,,,,13,19,1,2.789473684e+00,1.000000000e+01,1.300000000e+00,2.747991013e-01
G3_B_WIDE_3,upper_a,a_forward,offending,2.630121071e-01,,,,,,,14,19,0,3.157894737e+00,1.000000000e+01,8.000000000e-01,2.630121071e-01
G3_B_WIDE_3,upper_a,a_forward,offending,2.849422677e-01,,,,,,,14,19,1,3.157894737e+00,1.000000000e+01,1.300000000e+00,2.849422677e-01
G3_B_WIDE_3,upper_a,a_forward,offending,2.757081093e-01,,,,,,,15,19,0,3.526315789e+00,1.000000000e+01,8.000000000e-01,2.757081093e-01
G3_B_WIDE_3,upper_a,a_forward,offending,2.929287959e-01,,,,,,,15,19,1,3.526315789e+00,1.000000000e+01,1.300000000e+00,2.929287959e-01
G3_B_WIDE_3,upper_a,a_forward,offending,2.858361367e-01,,,,,,,16,19,0,3.894736842e+00,1.000000000e+01,8.000000000e-01,2.858361367e-01
G3_B_WIDE_3,upper_a,a_forward,offending,2.990498682e-01,,,,,,,16,19,1,3.894736842e+00,1.000000000e+01,1.300000000e+00,2.990498682e-01
G3_B_WIDE_3,upper_a,a_forward,offending,2.937736172e-01,,,,,,,17,19,0,4.263157895e+00,1.000000000e+01,8.000000000e-01,2.937736172e-01
G3_B_WIDE_3,upper_a,a_forward,offending,3.035440069e-01,,,,,,,17,19,1,4.263157895e+00,1.000000000e+01,1.300000000e+00,3.035440069e-01
G3_B_WIDE_3,upper_a,a_forward,offending,2.998223737e-01,,,,,,,18,19,0,4.631578947e+00,1.000000000e+01,8.000000000e-01,2.998223737e-01
G3_B_WIDE_3,upper_a,a_forward,offending,3.066096029e-01,,,,,,,18,19,1,4.631578947e+00,1.000000000e+01,1.300000000e+00,3.066096029e-01
G3_B_WIDE_3,upper_a,a_forward,offending,3.042282478e-01,,,,,,,19,19,0,5.000000000e+00,1.000000000e+01,8.000000000e-01,3.042282478e-01
G3_B_WIDE_3,upper_a,a_forward,offending,3.084142775e-01,,,,,,,19,19,1,5.000000000e+00,1.000000000e+01,1.300000000e+00,3.084142775e-01
G3_B_WIDE_3,upper_a,a_forward,offending,3.071949946e-01,,,,,,,20,19,0,5.368421053e+00,1.000000000e+01,8.000000000e-01,3.071949946e-01
G3_B_WIDE_3,upper_a,a_forward,offending,3.091018276e-01,,,,,,,20,19,1,5.368421053e+00,1.000000000e+01,1.300000000e+00,3.091018276e-01
G3_B_WIDE_3,upper_a,a_forward,offending,3.088942964e-01,,,,,,,21,19,0,5.736842105e+00,1.000000000e+01,8.000000000e-01,3.088942964e-01
G3_B_WIDE_3,upper_a,a_forward,offending,3.087973991e-01,,,,,,,21,19,1,5.736842105e+00,1.000000000e+01,1.300000000e+00,3.087973991e-01
G3_B_WIDE_3,upper_a,a_forward,offending,3.094730854e-01,,,,,,,22,19,0,6.105263158e+00,1.000000000e+01,8.000000000e-01,3.094730854e-01
G3_B_WIDE_3,upper_a,a_forward,offending,3.076113682e-01,,,,,,,22,19,1,6.105263158e+00,1.000000000e+01,1.300000000e+00,3.076113682e-01
G3_B_WIDE_3,upper_a,a_forward,offending,3.090589613e-01,,,,,,,23,19,0,6.473684211e+00,1.000000000e+01,8.000000000e-01,3.090589613e-01
G3_B_WIDE_3,upper_a,a_forward,offending,3.056422696e-01,,,,,,,23,19,1,6.473684211e+00,1.000000000e+01,1.300000000e+00,3.056422696e-01
G3_B_WIDE_3,upper_a,a_forward,offending,3.077642394e-01,,,,,,,24,19,0,6.842105263e+00,1.000000000e+01,8.000000000e-01,3.077642394e-01
G3_B_WIDE_3,upper_a,a_forward,offending,3.029790173e-01,,,,,,,24,19,1,6.842105263e+00,1.000000000e+01,1.300000000e+00,3.029790173e-01
G3_B_WIDE_3,upper_a,a_forward,offending,3.056889965e-01,,,,,,,25,19,0,7.210526316e+00,1.000000000e+01,8.000000000e-01,3.056889965e-01
G3_B_WIDE_3,upper_a,a_forward,offending,2.997025893e-01,,,,,,,25,19,1,7.210526316e+00,1.000000000e+01,1.300000000e+00,2.997025893e-01
G3_B_WIDE_3,upper_a,a_forward,offending,3.029233744e-01,,,,,,,26,19,0,7.578947368e+00,1.000000000e+01,8.000000000e-01,3.029233744e-01
G3_B_WIDE_3,upper_a,a_forward,offending,2.958873054e-01,,,,,,,26,19,1,7.578947368e+00,1.000000000e+01,1.300000000e+00,2.958873054e-01
G3_B_WIDE_3,upper_a,a_forward,offending,2.995493250e-01,,,,,,,27,19,0,7.947368421e+00,1.000000000e+01,8.000000000e-01,2.995493250e-01
G3_B_WIDE_3,upper_a,a_forward,offending,2.916017913e-01,,,,,,,27,19,1,7.947368421e+00,1.000000000e+01,1.300000000e+00,2.916017913e-01
G3_B_WIDE_3,upper_a,a_forward,offending,2.956419311e-01,,,,,,,28,19,0,8.315789474e+00,1.000000000e+01,8.000000000e-01,2.956419311e-01
G3_B_WIDE_3,upper_a,a_forward,offending,2.869097005e-01,,,,,,,28,19,1,8.315789474e+00,1.000000000e+01,1.300000000e+00,2.869097005e-01
G3_B_WIDE_3,upper_a,a_forward,offending,2.912704026e-01,,,,,,,29,19,0,8.684210526e+00,1.000000000e+01,8.000000000e-01,2.912704026e-01
G3_B_WIDE_3,upper_a,a_forward,offending,2.818702489e-01,,,,,,,29,19,1,8.684210526e+00,1.000000000e+01,1.300000000e+00,2.818702489e-01
G3_B_WIDE_3,upper_a,a_forward,offending,2.864988227e-01,,,,,,,30,19,0,9.052631579e+00,1.000000000e+01,8.000000000e-01,2.864988227e-01
G3_B_WIDE_3,upper_a,a_forward,offending,2.765386057e-01,,,,,,,30,19,1,9.052631579e+00,1.000000000e+01,1.300000000e+00,2.765386057e-01
G3_B_WIDE_3,upper_a,a_forward,offending,2.813867019e-01,,,,,,,31,19,0,9.421052632e+00,1.000000000e+01,8.000000000e-01,2.813867019e-01
G3_B_WIDE_3,upper_a,a_forward,offending,2.709661748e-01,,,,,,,31,19,1,9.421052632e+00,1.000000000e+01,1.300000000e+00,2.709661748e-01
G3_B_WIDE_3,upper_a,a_forward,offending,2.759893838e-01,,,,,,,32,19,0,9.789473684e+00,1.000000000e+01,8.000000000e-01,2.759893838e-01
G3_B_WIDE_3,upper_a,a_forward,offending,2.652007960e-01,,,,,,,32,19,1,9.789473684e+00,1.000000000e+01,1.300000000e+00,2.652007960e-01
G3_B_WIDE_3,upper_a,a_forward,offending,2.703583411e-01,,,,,,,33,19,0,1.015789474e+01,1.000000000e+01,8.000000000e-01,2.703583411e-01
G3_B_WIDE_3,upper_a,a_forward,offending,2.592868870e-01,,,,,,,33,19,1,1.015789474e+01,1.000000000e+01,1.300000000e+00,2.592868870e-01
G3_B_WIDE_3,upper_a,a_forward,offending,2.645413877e-01,,,,,,,34,19,0,1.052631579e+01,1.000000000e+01,8.000000000e-01,2.645413877e-01
G3_B_WIDE_3,upper_a,a_forward,offending,2.532655465e-01,,,,,,,34,19,1,1.052631579e+01,1.000000000e+01,1.300000000e+00,2.532655465e-01
G3_B_WIDE_3,upper_a,a_forward,offending,2.585828330e-01,,,,,,,35,19,0,1.089473684e+01,1.000000000e+01,8.000000000e-01,2.585828330e-01
G3_B_WIDE_3,upper_a,a_forward,offending,2.471746327e-01,,,,,,,35,19,1,1.089473684e+01,1.000000000e+01,1.300000000e+00,2.471746327e-01
G3_B_WIDE_3,upper_a,a_forward,offending,2.525235954e-01,,,,,,,36,19,0,1.126315789e+01,1.000000000e+01,8.000000000e-01,2.525235954e-01
G3_B_WIDE_3,upper_a,a_forward,offending,2.410488300e-01,,,,,,,36,19,1,1.126315789e+01,1.000000000e+01,1.300000000e+00,2.410488300e-01
G3_B_WIDE_3,upper_a,a_forward,offending,2.464012913e-01,,,,,,,37,19,0,1.163157895e+01,1.000000000e+01,8.000000000e-01,2.464012913e-01
G3_B_WIDE_3,upper_a,a_forward,offending,2.349197122e-01,,,,,,,37,19,1,1.163157895e+01,1.000000000e+01,1.300000000e+00,2.349197122e-01
G3_B_WIDE_3,upper_a,a_forward,offending,2.402503118e-01,,,,,,,38,19,0,1.200000000e+01,1.000000000e+01,8.000000000e-01,2.402503118e-01
G3_B_WIDE_3,upper_a,a_forward,offending,2.288158096e-01,,,,,,,38,19,1,1.200000000e+01,1.000000000e+01,1.300000000e+00,2.288158096e-01
G3_B_WIDE_3,upper_a,a_forward,offending,2.341018956e-01,,,,,,,39,19,0,1.236842105e+01,1.000000000e+01,8.000000000e-01,2.341018956e-01
G3_B_WIDE_3,upper_a,a_forward,offending,2.227626863e-01,,,,,,,39,19,1,1.236842105e+01,1.000000000e+01,1.300000000e+00,2.227626863e-01
G3_B_WIDE_3,upper_a,a_forward,offending,2.279842062e-01,,,,,,,40,19,0,1.273684211e+01,1.000000000e+01,8.000000000e-01,2.279842062e-01
G3_B_WIDE_3,upper_a,a_forward,offending,2.167830281e-01,,,,,,,40,19,1,1.273684211e+01,1.000000000e+01,1.300000000e+00,2.167830281e-01
G3_B_WIDE_3,upper_a,a_forward,offending,2.219224166e-01,,,,,,,41,19,0,1.310526316e+01,1.000000000e+01,8.000000000e-01,2.219224166e-01
G3_B_WIDE_3,upper_a,a_forward,offending,2.108967451e-01,,,,,,,41,19,1,1.310526316e+01,1.000000000e+01,1.300000000e+00,2.108967451e-01
G3_B_WIDE_3,upper_a,a_forward,offending,2.159388065e-01,,,,,,,42,19,0,1.347368421e+01,1.000000000e+01,8.000000000e-01,2.159388065e-01
G3_B_WIDE_3,upper_a,a_forward,offending,2.051210883e-01,,,,,,,42,19,1,1.347368421e+01,1.000000000e+01,1.300000000e+00,2.051210883e-01
G3_B_WIDE_3,upper_a,a_forward,offending,2.100528718e-01,,,,,,,43,19,0,1.384210526e+01,1.000000000e+01,8.000000000e-01,2.100528718e-01
G3_B_WIDE_3,upper_a,a_forward,offending,1.994707789e-01,,,,,,,43,19,1,1.384210526e+01,1.000000000e+01,1.300000000e+00,1.994707789e-01
G3_B_WIDE_3,upper_a,a_forward,offending,2.042814480e-01,,,,,,,44,19,0,1.421052632e+01,1.000000000e+01,8.000000000e-01,2.042814480e-01
G3_B_WIDE_3,upper_a,a_forward,offending,1.939581508e-01,,,,,,,44,19,1,1.421052632e+01,1.000000000e+01,1.300000000e+00,1.939581508e-01
G3_B_WIDE_3,upper_a,a_forward,offending,1.986388456e-01,,,,,,,45,19,0,1.457894737e+01,1.000000000e+01,8.000000000e-01,1.986388456e-01
G3_B_WIDE_3,upper_a,a_forward,offending,1.885933015e-01,,,,,,,45,19,1,1.457894737e+01,1.000000000e+01,1.300000000e+00,1.885933015e-01
G3_B_WIDE_3,upper_a,a_forward,offending,1.931369971e-01,,,,,,,46,19,0,1.494736842e+01,1.000000000e+01,8.000000000e-01,1.931369971e-01
G3_B_WIDE_3,upper_a,a_forward,offending,1.833842517e-01,,,,,,,46,19,1,1.494736842e+01,1.000000000e+01,1.300000000e+00,1.833842517e-01
G3_B_WIDE_3,upper_a,a_forward,offending,1.877856129e-01,,,,,,,47,19,0,1.531578947e+01,1.000000000e+01,8.000000000e-01,1.877856129e-01
G3_B_WIDE_3,upper_a,a_forward,offending,1.783371095e-01,,,,,,,47,19,1,1.531578947e+01,1.000000000e+01,1.300000000e+00,1.783371095e-01
G3_B_WIDE_3,upper_a,a_forward,offending,1.825923436e-01,,,,,,,48,19,0,1.568421053e+01,1.000000000e+01,8.000000000e-01,1.825923436e-01
G3_B_WIDE_3,upper_a,a_forward,offending,1.734562369e-01,,,,,,,48,19,1,1.568421053e+01,1.000000000e+01,1.300000000e+00,1.734562369e-01
G3_B_WIDE_3,upper_a,a_forward,offending,1.775629473e-01,,,,,,,49,19,0,1.605263158e+01,1.000000000e+01,8.000000000e-01,1.775629473e-01
G3_B_WIDE_3,upper_a,a_forward,offending,1.687444170e-01,,,,,,,49,19,1,1.605263158e+01,1.000000000e+01,1.300000000e+00,1.687444170e-01
G3_B_WIDE_3,upper_a,a_forward,offending,1.727014580e-01,,,,,,,50,19,0,1.642105263e+01,1.000000000e+01,8.000000000e-01,1.727014580e-01
G3_B_WIDE_3,upper_a,a_forward,offending,1.642030180e-01,,,,,,,50,19,1,1.642105263e+01,1.000000000e+01,1.300000000e+00,1.642030180e-01
G3_B_WIDE_3,upper_a,a_forward,offending,1.680103539e-01,,,,,,,51,19,0,1.678947368e+01,1.000000000e+01,8.000000000e-01,1.680103539e-01
G3_B_WIDE_3,upper_a,a_forward,offending,1.598321535e-01,,,,,,,51,19,1,1.678947368e+01,1.000000000e+01,1.300000000e+00,1.598321535e-01
G3_B_WIDE_3,upper_a,a_forward,offending,1.634907225e-01,,,,,,,52,19,0,1.715789474e+01,1.000000000e+01,8.000000000e-01,1.634907225e-01
G3_B_WIDE_3,upper_a,a_forward,offending,1.556308365e-01,,,,,,,52,19,1,1.715789474e+01,1.000000000e+01,1.300000000e+00,1.556308365e-01
G3_B_WIDE_3,upper_a,a_forward,offending,1.591424210e-01,,,,,,,53,19,0,1.752631579e+01,1.000000000e+01,8.000000000e-01,1.591424210e-01
G3_B_WIDE_3,upper_a,a_forward,offending,1.515971261e-01,,,,,,,53,19,1,1.752631579e+01,1.000000000e+01,1.300000000e+00,1.515971261e-01
G3_B_WIDE_3,upper_a,a_forward,offending,1.549642300e-01,,,,,,,54,19,0,1.789473684e+01,1.000000000e+01,8.000000000e-01,1.549642300e-01
G3_B_WIDE_3,upper_a,a_forward,offending,1.477282654e-01,,,,,,,54,19,1,1.789473684e+01,1.000000000e+01,1.300000000e+00,1.477282654e-01
G3_B_WIDE_3,upper_a,a_forward,offending,1.509539999e-01,,,,,,,55,19,0,1.826315789e+01,1.000000000e+01,8.000000000e-01,1.509539999e-01
G3_B_WIDE_3,upper_a,a_forward,offending,1.440208103e-01,,,,,,,55,19,1,1.826315789e+01,1.000000000e+01,1.300000000e+00,1.440208103e-01
G3_B_WIDE_3,upper_a,a_forward,offending,1.471087880e-01,,,,,,,56,19,0,1.863157895e+01,1.000000000e+01,8.000000000e-01,1.471087880e-01
G3_B_WIDE_3,upper_a,a_forward,offending,1.404707475e-01,,,,,,,56,19,1,1.863157895e+01,1.000000000e+01,1.300000000e+00,1.404707475e-01
G3_B_WIDE_3,upper_a,a_forward,offending,1.434249857e-01,,,,,,,57,19,0,1.900000000e+01,1.000000000e+01,8.000000000e-01,1.434249857e-01
G3_B_WIDE_3,upper_a,a_forward,offending,1.370736030e-01,,,,,,,57,19,1,1.900000000e+01,1.000000000e+01,1.300000000e+00,1.370736030e-01
G3_B_WIDE_3,upper_a,a_forward,offending,1.398984359e-01,,,,,,,58,19,0,1.936842105e+01,1.000000000e+01,8.000000000e-01,1.398984359e-01
G3_B_WIDE_3,upper_a,a_forward,offending,1.338245393e-01,,,,,,,58,19,1,1.936842105e+01,1.000000000e+01,1.300000000e+00,1.338245393e-01
G3_B_WIDE_3,upper_a,a_forward,offending,1.365245388e-01,,,,,,,59,19,0,1.973684211e+01,1.000000000e+01,8.000000000e-01,1.365245388e-01
G3_B_WIDE_3,upper_a,a_forward,offending,1.307184418e-01,,,,,,,59,19,1,1.973684211e+01,1.000000000e+01,1.300000000e+00,1.307184418e-01
G3_B_WIDE_3,upper_a,a_forward,offending,1.332983479e-01,,,,,,,60,19,0,2.010526316e+01,1.000000000e+01,8.000000000e-01,1.332983479e-01
G3_B_WIDE_3,upper_a,a_forward,offending,1.277499930e-01,,,,,,,60,19,1,2.010526316e+01,1.000000000e+01,1.300000000e+00,1.277499930e-01
G3_B_WIDE_3,upper_a,a_forward,offending,1.302146522e-01,,,,,,,61,19,0,2.047368421e+01,1.000000000e+01,8.000000000e-01,1.302146522e-01
G3_B_WIDE_3,upper_a,a_forward,offending,1.249137341e-01,,,,,,,61,19,1,2.047368421e+01,1.000000000e+01,1.300000000e+00,1.249137341e-01
G3_B_WIDE_3,upper_a,a_forward,offending,1.272680464e-01,,,,,,,62,19,0,2.084210526e+01,1.000000000e+01,8.000000000e-01,1.272680464e-01
G3_B_WIDE_3,upper_a,a_forward,offending,1.222041076e-01,,,,,,,62,19,1,2.084210526e+01,1.000000000e+01,1.300000000e+00,1.222041076e-01
G3_B_WIDE_3,upper_a,a_forward,offending,1.244529817e-01,,,,,,,63,19,0,2.121052632e+01,1.000000000e+01,8.000000000e-01,1.244529817e-01
G3_B_WIDE_3,upper_a,a_forward,offending,1.196154753e-01,,,,,,,63,19,1,2.121052632e+01,1.000000000e+01,1.300000000e+00,1.196154753e-01
G3_B_WIDE_3,upper_a,a_forward,offending,1.217637926e-01,,,,,,,64,19,0,2.157894737e+01,1.000000000e+01,8.000000000e-01,1.217637926e-01
G3_B_WIDE_3,upper_a,a_forward,offending,1.171420899e-01,,,,,,,64,19,1,2.157894737e+01,1.000000000e+01,1.300000000e+00,1.171420899e-01
G3_B_WIDE_3,upper_a,a_forward,offending,1.191946788e-01,,,,,,,65,19,0,2.194736842e+01,1.000000000e+01,8.000000000e-01,1.191946788e-01
G3_B_WIDE_3,upper_a,a_forward,offending,1.147779840e-01,,,,,,,65,19,1,2.194736842e+01,1.000000000e+01,1.300000000e+00,1.147779840e-01
G3_B_WIDE_3,upper_a,a_forward,offending,1.167396072e-01,,,,,,,66,19,0,2.231578947e+01,1.000000000e+01,8.000000000e-01,1.167396072e-01
G3_B_WIDE_3,upper_a,a_forward,offending,1.125166920e-01,,,,,,,66,19,1,2.231578947e+01,1.000000000e+01,1.300000000e+00,1.125166920e-01
G3_B_WIDE_3,upper_a,a_forward,offending,1.143920541e-01,,,,,,,67,19,0,2.268421053e+01,1.000000000e+01,8.000000000e-01,1.143920541e-01
G3_B_WIDE_3,upper_a,a_forward,offending,1.103506354e-01,,,,,,,67,19,1,2.268421053e+01,1.000000000e+01,1.300000000e+00,1.103506354e-01
G3_B_WIDE_3,upper_a,a_forward,offending,1.121444260e-01,,,,,,,68,19,0,2.305263158e+01,1.000000000e+01,8.000000000e-01,1.121444260e-01
G3_B_WIDE_3,upper_a,a_forward,offending,1.082698156e-01,,,,,,,68,19,1,2.305263158e+01,1.000000000e+01,1.300000000e+00,1.082698156e-01
G3_B_WIDE_3,upper_a,a_forward,offending,1.099868172e-01,,,,,,,69,19,0,2.342105263e+01,1.000000000e+01,8.000000000e-01,1.099868172e-01
G3_B_WIDE_3,upper_a,a_forward,offending,1.062590728e-01,,,,,,,69,19,1,2.342105263e+01,1.000000000e+01,1.300000000e+00,1.062590728e-01
G3_B_WIDE_3,upper_a,a_forward,offending,1.079043909e-01,,,,,,,70,19,0,2.378947368e+01,1.000000000e+01,8.000000000e-01,1.079043909e-01
G3_B_WIDE_3,upper_a,a_forward,offending,1.042923744e-01,,,,,,,70,19,1,2.378947368e+01,1.000000000e+01,1.300000000e+00,1.042923744e-01
G3_B_WIDE_3,upper_a,a_forward,offending,1.058718867e-01,,,,,,,71,19,0,2.415789474e+01,1.000000000e+01,8.000000000e-01,1.058718867e-01
G3_B_WIDE_3,upper_a,a_forward,offending,1.023209340e-01,,,,,,,71,19,1,2.415789474e+01,1.000000000e+01,1.300000000e+00,1.023209340e-01
G3_B_WIDE_3,upper_a,a_forward,offending,1.038420677e-01,,,,,,,72,19,0,2.452631579e+01,1.000000000e+01,8.000000000e-01,1.038420677e-01
G3_B_WIDE_3,upper_a,a_forward,offending,1.002485530e-01,,,,,,,72,19,1,2.452631579e+01,1.000000000e+01,1.300000000e+00,1.002485530e-01
G3_B_WIDE_3,upper_a,a_forward,offending,1.017211600e-01,,,,,,,73,19,0,2.489473684e+01,1.000000000e+01,8.000000000e-01,1.017211600e-01
G3_B_WIDE_3,upper_a,a_forward,offending,9.788063601e-02,,,,,,,73,19,1,2.489473684e+01,1.000000000e+01,1.300000000e+00,9.788063601e-02
G3_B_WIDE_3,upper_a,a_forward,offending,9.931531878e-02,,,,,,,74,19,0,2.526315789e+01,1.000000000e+01,8.000000000e-01,9.931531878e-02
G3_B_WIDE_3,upper_a,a_forward,offending,9.481971109e-02,,,,,,,74,19,1,2.526315789e+01,1.000000000e+01,1.300000000e+00,9.481971109e-02
G3_B_WIDE_3,upper_a,a_forward,offending,9.620764555e-02,,,,,,,75,19,0,2.563157895e+01,1.000000000e+01,8.000000000e-01,9.620764555e-02
G3_B_WIDE_3,upper_a,a_forward,offending,9.025543417e-02,,,,,,,75,19,1,2.563157895e+01,1.000000000e+01,1.300000000e+00,9.025543417e-02
G3_B_WIDE_3,upper_a,a_forward,offending,9.144748793e-02,,,,,,,76,19,0,2.600000000e+01,1.000000000e+01,8.000000000e-01,9.144748793e-02
G3_B_WIDE_3,upper_a,a_forward,offending,8.256112702e-02,,,,,,,76,19,1,2.600000000e+01,1.000000000e+01,1.300000000e+00,8.256112702e-02
G3_B_WIDE_3,upper_a,a_forward,offending,8.265331449e-02,,,,,,,77,19,0,2.636842105e+01,1.000000000e+01,8.000000000e-01,8.265331449e-02
G3_B_WIDE_3,upper_a,a_forward,offending,6.859870110e-02,,,,,,,77,19,1,2.636842105e+01,1.000000000e+01,1.300000000e+00,6.859870110e-02
G3_B_WIDE_3,upper_a,a_forward,offending,6.310666616e-02,,,,,,,78,19,0,2.673684211e+01,1.000000000e+01,8.000000000e-01,6.310666616e-02
G3_B_WIDE_3,upper_a,a_forward,offending,4.285308495e-02,,,,,,,78,19,1,2.673684211e+01,1.000000000e+01,1.300000000e+00,4.285308495e-02
G3_B_WIDE_3,upper_a,a_forward,offending,1.259838927e-02,,,,,,,79,19,0,2.710526316e+01,1.000000000e+01,8.000000000e-01,1.259838927e-02
G4_BASE_B_FINE,lower_a,a_backward,0.000000000e+00,0,0.000000000e+00,"(0, 0, 0)","(-2.0, 0.0, 0.8)",0.000000000e+00,NOT_APPLICABLE,,,,,,,
G4_BASE_B_FINE,upper_a,a_forward,3.564482047e-01,56,7.179487179e-01,"(33, 19, 1)","(4.078947368421052, 10.0, 1.3)",3.564482047e-01,0.3007593313104657/0.35069204544764415/0.3534616232422136/0.35603216189405185,,,,,,,
G4_BASE_B_FINE,upper_a,a_forward,offending,3.792951321e-02,,,,,,,10,19,1,-1.578947368e-01,1.000000000e+01,1.300000000e+00,3.792951321e-02
G4_BASE_B_FINE,upper_a,a_forward,offending,1.211312911e-01,,,,,,,11,19,1,2.631578947e-02,1.000000000e+01,1.300000000e+00,1.211312911e-01
G4_BASE_B_FINE,upper_a,a_forward,offending,5.106451779e-03,,,,,,,12,19,0,2.105263158e-01,1.000000000e+01,8.000000000e-01,5.106451779e-03
G4_BASE_B_FINE,upper_a,a_forward,offending,1.502249183e-01,,,,,,,12,19,1,2.105263158e-01,1.000000000e+01,1.300000000e+00,1.502249183e-01
G4_BASE_B_FINE,upper_a,a_forward,offending,5.156375660e-02,,,,,,,13,19,0,3.947368421e-01,1.000000000e+01,8.000000000e-01,5.156375660e-02
G4_BASE_B_FINE,upper_a,a_forward,offending,1.737998915e-01,,,,,,,13,19,1,3.947368421e-01,1.000000000e+01,1.300000000e+00,1.737998915e-01
G4_BASE_B_FINE,upper_a,a_forward,offending,9.047102346e-02,,,,,,,14,19,0,5.789473684e-01,1.000000000e+01,8.000000000e-01,9.047102346e-02
G4_BASE_B_FINE,upper_a,a_forward,offending,1.949042369e-01,,,,,,,14,19,1,5.789473684e-01,1.000000000e+01,1.300000000e+00,1.949042369e-01
G4_BASE_B_FINE,upper_a,a_forward,offending,1.236050883e-01,,,,,,,15,19,0,7.631578947e-01,1.000000000e+01,8.000000000e-01,1.236050883e-01
G4_BASE_B_FINE,upper_a,a_forward,offending,2.141596985e-01,,,,,,,15,19,1,7.631578947e-01,1.000000000e+01,1.300000000e+00,2.141596985e-01
G4_BASE_B_FINE,upper_a,a_forward,offending,1.521703360e-01,,,,,,,16,19,0,9.473684211e-01,1.000000000e+01,8.000000000e-01,1.521703360e-01
G4_BASE_B_FINE,upper_a,a_forward,offending,2.313408856e-01,,,,,,,16,19,1,9.473684211e-01,1.000000000e+01,1.300000000e+00,2.313408856e-01
G4_BASE_B_FINE,upper_a,a_forward,offending,1.770531393e-01,,,,,,,17,19,0,1.131578947e+00,1.000000000e+01,8.000000000e-01,1.770531393e-01
G4_BASE_B_FINE,upper_a,a_forward,offending,2.468133298e-01,,,,,,,17,19,1,1.131578947e+00,1.000000000e+01,1.300000000e+00,2.468133298e-01
G4_BASE_B_FINE,upper_a,a_forward,offending,1.989076692e-01,,,,,,,18,19,0,1.315789474e+00,1.000000000e+01,8.000000000e-01,1.989076692e-01
G4_BASE_B_FINE,upper_a,a_forward,offending,2.607396905e-01,,,,,,,18,19,1,1.315789474e+00,1.000000000e+01,1.300000000e+00,2.607396905e-01
G4_BASE_B_FINE,upper_a,a_forward,offending,2.182257463e-01,,,,,,,19,19,0,1.500000000e+00,1.000000000e+01,8.000000000e-01,2.182257463e-01
G4_BASE_B_FINE,upper_a,a_forward,offending,2.732456983e-01,,,,,,,19,19,1,1.500000000e+00,1.000000000e+01,1.300000000e+00,2.732456983e-01
G4_BASE_B_FINE,upper_a,a_forward,offending,2.353915957e-01,,,,,,,20,19,0,1.684210526e+00,1.000000000e+01,8.000000000e-01,2.353915957e-01
G4_BASE_B_FINE,upper_a,a_forward,offending,2.845059903e-01,,,,,,,20,19,1,1.684210526e+00,1.000000000e+01,1.300000000e+00,2.845059903e-01
G4_BASE_B_FINE,upper_a,a_forward,offending,2.507087240e-01,,,,,,,21,19,0,1.868421053e+00,1.000000000e+01,8.000000000e-01,2.507087240e-01
G4_BASE_B_FINE,upper_a,a_forward,offending,2.946504991e-01,,,,,,,21,19,1,1.868421053e+00,1.000000000e+01,1.300000000e+00,2.946504991e-01
G4_BASE_B_FINE,upper_a,a_forward,offending,2.644201596e-01,,,,,,,22,19,0,2.052631579e+00,1.000000000e+01,8.000000000e-01,2.644201596e-01
G4_BASE_B_FINE,upper_a,a_forward,offending,3.037875671e-01,,,,,,,22,19,1,2.052631579e+00,1.000000000e+01,1.300000000e+00,3.037875671e-01
G4_BASE_B_FINE,upper_a,a_forward,offending,2.767236389e-01,,,,,,,23,19,0,2.236842105e+00,1.000000000e+01,8.000000000e-01,2.767236389e-01
G4_BASE_B_FINE,upper_a,a_forward,offending,3.120146696e-01,,,,,,,23,19,1,2.236842105e+00,1.000000000e+01,1.300000000e+00,3.120146696e-01
G4_BASE_B_FINE,upper_a,a_forward,offending,2.877820668e-01,,,,,,,24,19,0,2.421052632e+00,1.000000000e+01,8.000000000e-01,2.877820668e-01
G4_BASE_B_FINE,upper_a,a_forward,offending,3.194161655e-01,,,,,,,24,19,1,2.421052632e+00,1.000000000e+01,1.300000000e+00,3.194161655e-01
G4_BASE_B_FINE,upper_a,a_forward,offending,2.977310955e-01,,,,,,,25,19,0,2.605263158e+00,1.000000000e+01,8.000000000e-01,2.977310955e-01
G4_BASE_B_FINE,upper_a,a_forward,offending,3.260646838e-01,,,,,,,25,19,1,2.605263158e+00,1.000000000e+01,1.300000000e+00,3.260646838e-01
G4_BASE_B_FINE,upper_a,a_forward,offending,3.066847696e-01,,,,,,,26,19,0,2.789473684e+00,1.000000000e+01,8.000000000e-01,3.066847696e-01
G4_BASE_B_FINE,upper_a,a_forward,offending,3.320227992e-01,,,,,,,26,19,1,2.789473684e+00,1.000000000e+01,1.300000000e+00,3.320227992e-01
G4_BASE_B_FINE,upper_a,a_forward,offending,3.147396326e-01,,,,,,,27,19,0,2.973684211e+00,1.000000000e+01,8.000000000e-01,3.147396326e-01
G4_BASE_B_FINE,upper_a,a_forward,offending,3.373438129e-01,,,,,,,27,19,1,2.973684211e+00,1.000000000e+01,1.300000000e+00,3.373438129e-01
G4_BASE_B_FINE,upper_a,a_forward,offending,3.219776063e-01,,,,,,,28,19,0,3.157894737e+00,1.000000000e+01,8.000000000e-01,3.219776063e-01
G4_BASE_B_FINE,upper_a,a_forward,offending,3.420713830e-01,,,,,,,28,19,1,3.157894737e+00,1.000000000e+01,1.300000000e+00,3.420713830e-01
G4_BASE_B_FINE,upper_a,a_forward,offending,3.284676503e-01,,,,,,,29,19,0,3.342105263e+00,1.000000000e+01,8.000000000e-01,3.284676503e-01
G4_BASE_B_FINE,upper_a,a_forward,offending,3.462367902e-01,,,,,,,29,19,1,3.342105263e+00,1.000000000e+01,1.300000000e+00,3.462367902e-01
G4_BASE_B_FINE,upper_a,a_forward,offending,3.342657051e-01,,,,,,,30,19,0,3.526315789e+00,1.000000000e+01,8.000000000e-01,3.342657051e-01
G4_BASE_B_FINE,upper_a,a_forward,offending,3.498507127e-01,,,,,,,30,19,1,3.526315789e+00,1.000000000e+01,1.300000000e+00,3.498507127e-01
G4_BASE_B_FINE,upper_a,a_forward,offending,3.394113403e-01,,,,,,,31,19,0,3.710526316e+00,1.000000000e+01,8.000000000e-01,3.394113403e-01
G4_BASE_B_FINE,upper_a,a_forward,offending,3.528816789e-01,,,,,,,31,19,1,3.710526316e+00,1.000000000e+01,1.300000000e+00,3.528816789e-01
G4_BASE_B_FINE,upper_a,a_forward,offending,3.439169245e-01,,,,,,,32,19,0,3.894736842e+00,1.000000000e+01,8.000000000e-01,3.439169245e-01
G4_BASE_B_FINE,upper_a,a_forward,offending,3.552014564e-01,,,,,,,32,19,1,3.894736842e+00,1.000000000e+01,1.300000000e+00,3.552014564e-01
G4_BASE_B_FINE,upper_a,a_forward,offending,3.477384718e-01,,,,,,,33,19,0,4.078947368e+00,1.000000000e+01,8.000000000e-01,3.477384718e-01
G4_BASE_B_FINE,upper_a,a_forward,offending,3.564482047e-01,,,,,,,33,19,1,4.078947368e+00,1.000000000e+01,1.300000000e+00,3.564482047e-01
G4_BASE_B_FINE,upper_a,a_forward,offending,3.506986899e-01,,,,,,,34,19,0,4.263157895e+00,1.000000000e+01,8.000000000e-01,3.506986899e-01
G4_BASE_B_FINE,upper_a,a_forward,offending,3.556917632e-01,,,,,,,34,19,1,4.263157895e+00,1.000000000e+01,1.300000000e+00,3.556917632e-01
G4_BASE_B_FINE,upper_a,a_forward,offending,3.522641302e-01,,,,,,,35,19,0,4.447368421e+00,1.000000000e+01,8.000000000e-01,3.522641302e-01
G4_BASE_B_FINE,upper_a,a_forward,offending,3.506786405e-01,,,,,,,35,19,1,4.447368421e+00,1.000000000e+01,1.300000000e+00,3.506786405e-01
G4_BASE_B_FINE,upper_a,a_forward,offending,3.506854010e-01,,,,,,,36,19,0,4.631578947e+00,1.000000000e+01,8.000000000e-01,3.506854010e-01
G4_BASE_B_FINE,upper_a,a_forward,offending,3.365086862e-01,,,,,,,36,19,1,4.631578947e+00,1.000000000e+01,1.300000000e+00,3.365086862e-01
G4_BASE_B_FINE,upper_a,a_forward,offending,3.382761150e-01,,,,,,,37,19,0,4.815789474e+00,1.000000000e+01,8.000000000e-01,3.382761150e-01
G4_BASE_B_FINE,upper_a,a_forward,offending,3.049254840e-01,,,,,,,37,19,1,4.815789474e+00,1.000000000e+01,1.300000000e+00,3.049254840e-01
G4_BASE_B_FINE,upper_a,a_forward,offending,2.777721278e-01,,,,,,,38,19,0,5.000000000e+00,1.000000000e+01,8.000000000e-01,2.777721278e-01
G4_BASE_B_FINE,upper_a,a_forward,offending,2.492495117e-01,,,,,,,38,19,1,5.000000000e+00,1.000000000e+01,1.300000000e+00,2.492495117e-01
G5_WIDE1_B_FINE,lower_a,a_backward,0.000000000e+00,0,0.000000000e+00,"(0, 0, 0)","(-2.0, 0.0, 0.8)",0.000000000e+00,NOT_APPLICABLE,,,,,,,
G5_WIDE1_B_FINE,upper_a,a_forward,3.661852461e-01,136,8.607594937e-01,"(44, 19, 0)","(6.105263157894736, 10.0, 0.8)",3.661852461e-01,0.3290679988737233/0.3643172310300601/0.36534676245575437/0.36609233557547394,,,,,,,
G5_WIDE1_B_FINE,upper_a,a_forward,offending,3.792951924e-02,,,,,,,10,19,1,-1.578947368e-01,1.000000000e+01,1.300000000e+00,3.792951924e-02
G5_WIDE1_B_FINE,upper_a,a_forward,offending,1.211313002e-01,,,,,,,11,19,1,2.631578947e-02,1.000000000e+01,1.300000000e+00,1.211313002e-01
G5_WIDE1_B_FINE,upper_a,a_forward,offending,5.106456584e-03,,,,,,,12,19,0,2.105263158e-01,1.000000000e+01,8.000000000e-01,5.106456584e-03
G5_WIDE1_B_FINE,upper_a,a_forward,offending,1.502249300e-01,,,,,,,12,19,1,2.105263158e-01,1.000000000e+01,1.300000000e+00,1.502249300e-01
G5_WIDE1_B_FINE,upper_a,a_forward,offending,5.156376324e-02,,,,,,,13,19,0,3.947368421e-01,1.000000000e+01,8.000000000e-01,5.156376324e-02
G5_WIDE1_B_FINE,upper_a,a_forward,offending,1.737999078e-01,,,,,,,13,19,1,3.947368421e-01,1.000000000e+01,1.300000000e+00,1.737999078e-01
G5_WIDE1_B_FINE,upper_a,a_forward,offending,9.047103273e-02,,,,,,,14,19,0,5.789473684e-01,1.000000000e+01,8.000000000e-01,9.047103273e-02
G5_WIDE1_B_FINE,upper_a,a_forward,offending,1.949042601e-01,,,,,,,14,19,1,5.789473684e-01,1.000000000e+01,1.300000000e+00,1.949042601e-01
G5_WIDE1_B_FINE,upper_a,a_forward,offending,1.236051014e-01,,,,,,,15,19,0,7.631578947e-01,1.000000000e+01,8.000000000e-01,1.236051014e-01
G5_WIDE1_B_FINE,upper_a,a_forward,offending,2.141597316e-01,,,,,,,15,19,1,7.631578947e-01,1.000000000e+01,1.300000000e+00,2.141597316e-01
G5_WIDE1_B_FINE,upper_a,a_forward,offending,1.521703545e-01,,,,,,,16,19,0,9.473684211e-01,1.000000000e+01,8.000000000e-01,1.521703545e-01
G5_WIDE1_B_FINE,upper_a,a_forward,offending,2.313409335e-01,,,,,,,16,19,1,9.473684211e-01,1.000000000e+01,1.300000000e+00,2.313409335e-01
G5_WIDE1_B_FINE,upper_a,a_forward,offending,1.770531660e-01,,,,,,,17,19,0,1.131578947e+00,1.000000000e+01,8.000000000e-01,1.770531660e-01
G5_WIDE1_B_FINE,upper_a,a_forward,offending,2.468134007e-01,,,,,,,17,19,1,1.131578947e+00,1.000000000e+01,1.300000000e+00,2.468134007e-01
G5_WIDE1_B_FINE,upper_a,a_forward,offending,1.989077085e-01,,,,,,,18,19,0,1.315789474e+00,1.000000000e+01,8.000000000e-01,1.989077085e-01
G5_WIDE1_B_FINE,upper_a,a_forward,offending,2.607397978e-01,,,,,,,18,19,1,1.315789474e+00,1.000000000e+01,1.300000000e+00,2.607397978e-01
G5_WIDE1_B_FINE,upper_a,a_forward,offending,2.182258052e-01,,,,,,,19,19,0,1.500000000e+00,1.000000000e+01,8.000000000e-01,2.182258052e-01
G5_WIDE1_B_FINE,upper_a,a_forward,offending,2.732458647e-01,,,,,,,19,19,1,1.500000000e+00,1.000000000e+01,1.300000000e+00,2.732458647e-01
G5_WIDE1_B_FINE,upper_a,a_forward,offending,2.353916863e-01,,,,,,,20,19,0,1.684210526e+00,1.000000000e+01,8.000000000e-01,2.353916863e-01
G5_WIDE1_B_FINE,upper_a,a_forward,offending,2.845062557e-01,,,,,,,20,19,1,1.684210526e+00,1.000000000e+01,1.300000000e+00,2.845062557e-01
G5_WIDE1_B_FINE,upper_a,a_forward,offending,2.507088675e-01,,,,,,,21,19,0,1.868421053e+00,1.000000000e+01,8.000000000e-01,2.507088675e-01
G5_WIDE1_B_FINE,upper_a,a_forward,offending,2.946509355e-01,,,,,,,21,19,1,1.868421053e+00,1.000000000e+01,1.300000000e+00,2.946509355e-01
G5_WIDE1_B_FINE,upper_a,a_forward,offending,2.644203937e-01,,,,,,,22,19,0,2.052631579e+00,1.000000000e+01,8.000000000e-01,2.644203937e-01
G5_WIDE1_B_FINE,upper_a,a_forward,offending,3.037883078e-01,,,,,,,22,19,1,2.052631579e+00,1.000000000e+01,1.300000000e+00,3.037883078e-01
G5_WIDE1_B_FINE,upper_a,a_forward,offending,2.767240336e-01,,,,,,,23,19,0,2.236842105e+00,1.000000000e+01,8.000000000e-01,2.767240336e-01
G5_WIDE1_B_FINE,upper_a,a_forward,offending,3.120159684e-01,,,,,,,23,19,1,2.236842105e+00,1.000000000e+01,1.300000000e+00,3.120159684e-01
G5_WIDE1_B_FINE,upper_a,a_forward,offending,2.877827555e-01,,,,,,,24,19,0,2.421052632e+00,1.000000000e+01,8.000000000e-01,2.877827555e-01
G5_WIDE1_B_FINE,upper_a,a_forward,offending,3.194185192e-01,,,,,,,24,19,1,2.421052632e+00,1.000000000e+01,1.300000000e+00,3.194185192e-01
G5_WIDE1_B_FINE,upper_a,a_forward,offending,2.977323392e-01,,,,,,,25,19,0,2.605263158e+00,1.000000000e+01,8.000000000e-01,2.977323392e-01
G5_WIDE1_B_FINE,upper_a,a_forward,offending,3.260690922e-01,,,,,,,25,19,1,2.605263158e+00,1.000000000e+01,1.300000000e+00,3.260690922e-01
G5_WIDE1_B_FINE,upper_a,a_forward,offending,3.066870951e-01,,,,,,,26,19,0,2.789473684e+00,1.000000000e+01,8.000000000e-01,3.066870951e-01
G5_WIDE1_B_FINE,upper_a,a_forward,offending,3.320313309e-01,,,,,,,26,19,1,2.789473684e+00,1.000000000e+01,1.300000000e+00,3.320313309e-01
G5_WIDE1_B_FINE,upper_a,a_forward,offending,3.147441328e-01,,,,,,,27,19,0,2.973684211e+00,1.000000000e+01,8.000000000e-01,3.147441328e-01
G5_WIDE1_B_FINE,upper_a,a_forward,offending,3.373608617e-01,,,,,,,27,19,1,2.973684211e+00,1.000000000e+01,1.300000000e+00,3.373608617e-01
G5_WIDE1_B_FINE,upper_a,a_forward,offending,3.219866115e-01,,,,,,,28,19,0,3.157894737e+00,1.000000000e+01,8.000000000e-01,3.219866115e-01
G5_WIDE1_B_FINE,upper_a,a_forward,offending,3.421065259e-01,,,,,,,28,19,1,3.157894737e+00,1.000000000e+01,1.300000000e+00,3.421065259e-01
G5_WIDE1_B_FINE,upper_a,a_forward,offending,3.284862617e-01,,,,,,,29,19,0,3.342105263e+00,1.000000000e+01,8.000000000e-01,3.284862617e-01
G5_WIDE1_B_FINE,upper_a,a_forward,offending,3.463114273e-01,,,,,,,29,19,1,3.342105263e+00,1.000000000e+01,1.300000000e+00,3.463114273e-01
G5_WIDE1_B_FINE,upper_a,a_forward,offending,3.343053726e-01,,,,,,,30,19,0,3.526315789e+00,1.000000000e+01,8.000000000e-01,3.343053726e-01
G5_WIDE1_B_FINE,upper_a,a_forward,offending,3.500138088e-01,,,,,,,30,19,1,3.526315789e+00,1.000000000e+01,1.300000000e+00,3.500138088e-01
G5_WIDE1_B_FINE,upper_a,a_forward,offending,3.394983766e-01,,,,,,,31,19,0,3.710526316e+00,1.000000000e+01,8.000000000e-01,3.394983766e-01
G5_WIDE1_B_FINE,upper_a,a_forward,offending,3.532477807e-01,,,,,,,31,19,1,3.710526316e+00,1.000000000e+01,1.300000000e+00,3.532477807e-01
G5_WIDE1_B_FINE,upper_a,a_forward,offending,3.441131247e-01,,,,,,,32,19,0,3.894736842e+00,1.000000000e+01,8.000000000e-01,3.441131247e-01
G5_WIDE1_B_FINE,upper_a,a_forward,offending,3.560439243e-01,,,,,,,32,19,1,3.894736842e+00,1.000000000e+01,1.300000000e+00,3.560439243e-01
G5_WIDE1_B_FINE,upper_a,a_forward,offending,3.481919220e-01,,,,,,,33,19,0,4.078947368e+00,1.000000000e+01,8.000000000e-01,3.481919220e-01
G5_WIDE1_B_FINE,upper_a,a_forward,offending,3.584297949e-01,,,,,,,33,19,1,4.078947368e+00,1.000000000e+01,1.300000000e+00,3.584297949e-01
G5_WIDE1_B_FINE,upper_a,a_forward,offending,3.517723747e-01,,,,,,,34,19,0,4.263157895e+00,1.000000000e+01,8.000000000e-01,3.517723747e-01
G5_WIDE1_B_FINE,upper_a,a_forward,offending,3.604303423e-01,,,,,,,34,19,1,4.263157895e+00,1.000000000e+01,1.300000000e+00,3.604303423e-01
G5_WIDE1_B_FINE,upper_a,a_forward,offending,3.548880870e-01,,,,,,,35,19,0,4.447368421e+00,1.000000000e+01,8.000000000e-01,3.548880870e-01
G5_WIDE1_B_FINE,upper_a,a_forward,offending,3.620682635e-01,,,,,,,35,19,1,4.447368421e+00,1.000000000e+01,1.300000000e+00,3.620682635e-01
G5_WIDE1_B_FINE,upper_a,a_forward,offending,3.575692395e-01,,,,,,,36,19,0,4.631578947e+00,1.000000000e+01,8.000000000e-01,3.575692395e-01
G5_WIDE1_B_FINE,upper_a,a_forward,offending,3.633643004e-01,,,,,,,36,19,1,4.631578947e+00,1.000000000e+01,1.300000000e+00,3.633643004e-01
G5_WIDE1_B_FINE,upper_a,a_forward,offending,3.598430697e-01,,,,,,,37,19,0,4.815789474e+00,1.000000000e+01,8.000000000e-01,3.598430697e-01
G5_WIDE1_B_FINE,upper_a,a_forward,offending,3.643374931e-01,,,,,,,37,19,1,4.815789474e+00,1.000000000e+01,1.300000000e+00,3.643374931e-01
G5_WIDE1_B_FINE,upper_a,a_forward,offending,3.617342761e-01,,,,,,,38,19,0,5.000000000e+00,1.000000000e+01,8.000000000e-01,3.617342761e-01
G5_WIDE1_B_FINE,upper_a,a_forward,offending,3.650053943e-01,,,,,,,38,19,1,5.000000000e+00,1.000000000e+01,1.300000000e+00,3.650053943e-01
G5_WIDE1_B_FINE,upper_a,a_forward,offending,3.632653576e-01,,,,,,,39,19,0,5.184210526e+00,1.000000000e+01,8.000000000e-01,3.632653576e-01
G5_WIDE1_B_FINE,upper_a,a_forward,offending,3.653842543e-01,,,,,,,39,19,1,5.184210526e+00,1.000000000e+01,1.300000000e+00,3.653842543e-01
G5_WIDE1_B_FINE,upper_a,a_forward,offending,3.644569009e-01,,,,,,,40,19,0,5.368421053e+00,1.000000000e+01,8.000000000e-01,3.644569009e-01
G5_WIDE1_B_FINE,upper_a,a_forward,offending,3.654891787e-01,,,,,,,40,19,1,5.368421053e+00,1.000000000e+01,1.300000000e+00,3.654891787e-01
G5_WIDE1_B_FINE,upper_a,a_forward,offending,3.653278252e-01,,,,,,,41,19,0,5.552631579e+00,1.000000000e+01,8.000000000e-01,3.653278252e-01
G5_WIDE1_B_FINE,upper_a,a_forward,offending,3.653342652e-01,,,,,,,41,19,1,5.552631579e+00,1.000000000e+01,1.300000000e+00,3.653342652e-01
G5_WIDE1_B_FINE,upper_a,a_forward,offending,3.658955912e-01,,,,,,,42,19,0,5.736842105e+00,1.000000000e+01,8.000000000e-01,3.658955912e-01
G5_WIDE1_B_FINE,upper_a,a_forward,offending,3.649327217e-01,,,,,,,42,19,1,5.736842105e+00,1.000000000e+01,1.300000000e+00,3.649327217e-01
G5_WIDE1_B_FINE,upper_a,a_forward,offending,3.661763797e-01,,,,,,,43,19,0,5.921052632e+00,1.000000000e+01,8.000000000e-01,3.661763797e-01
G5_WIDE1_B_FINE,upper_a,a_forward,offending,3.642969690e-01,,,,,,,43,19,1,5.921052632e+00,1.000000000e+01,1.300000000e+00,3.642969690e-01
G5_WIDE1_B_FINE,upper_a,a_forward,offending,3.661852461e-01,,,,,,,44,19,0,6.105263158e+00,1.000000000e+01,8.000000000e-01,3.661852461e-01
G5_WIDE1_B_FINE,upper_a,a_forward,offending,3.634387296e-01,,,,,,,44,19,1,6.105263158e+00,1.000000000e+01,1.300000000e+00,3.634387296e-01
G5_WIDE1_B_FINE,upper_a,a_forward,offending,3.659362537e-01,,,,,,,45,19,0,6.289473684e+00,1.000000000e+01,8.000000000e-01,3.659362537e-01
G5_WIDE1_B_FINE,upper_a,a_forward,offending,3.623691064e-01,,,,,,,45,19,1,6.289473684e+00,1.000000000e+01,1.300000000e+00,3.623691064e-01
G5_WIDE1_B_FINE,upper_a,a_forward,offending,3.654425891e-01,,,,,,,46,19,0,6.473684211e+00,1.000000000e+01,8.000000000e-01,3.654425891e-01
G5_WIDE1_B_FINE,upper_a,a_forward,offending,3.610986499e-01,,,,,,,46,19,1,6.473684211e+00,1.000000000e+01,1.300000000e+00,3.610986499e-01
G5_WIDE1_B_FINE,upper_a,a_forward,offending,3.647166624e-01,,,,,,,47,19,0,6.657894737e+00,1.000000000e+01,8.000000000e-01,3.647166624e-01
G5_WIDE1_B_FINE,upper_a,a_forward,offending,3.596374185e-01,,,,,,,47,19,1,6.657894737e+00,1.000000000e+01,1.300000000e+00,3.596374185e-01
G5_WIDE1_B_FINE,upper_a,a_forward,offending,3.637701949e-01,,,,,,,48,19,0,6.842105263e+00,1.000000000e+01,8.000000000e-01,3.637701949e-01
G5_WIDE1_B_FINE,upper_a,a_forward,offending,3.579950302e-01,,,,,,,48,19,1,6.842105263e+00,1.000000000e+01,1.300000000e+00,3.579950302e-01
G5_WIDE1_B_FINE,upper_a,a_forward,offending,3.626142952e-01,,,,,,,49,19,0,7.026315789e+00,1.000000000e+01,8.000000000e-01,3.626142952e-01
G5_WIDE1_B_FINE,upper_a,a_forward,offending,3.561807087e-01,,,,,,,49,19,1,7.026315789e+00,1.000000000e+01,1.300000000e+00,3.561807087e-01
G5_WIDE1_B_FINE,upper_a,a_forward,offending,3.612595264e-01,,,,,,,50,19,0,7.210526316e+00,1.000000000e+01,8.000000000e-01,3.612595264e-01
G5_WIDE1_B_FINE,upper_a,a_forward,offending,3.542033229e-01,,,,,,,50,19,1,7.210526316e+00,1.000000000e+01,1.300000000e+00,3.542033229e-01
G5_WIDE1_B_FINE,upper_a,a_forward,offending,3.597159640e-01,,,,,,,51,19,0,7.394736842e+00,1.000000000e+01,8.000000000e-01,3.597159640e-01
G5_WIDE1_B_FINE,upper_a,a_forward,offending,3.520714223e-01,,,,,,,51,19,1,7.394736842e+00,1.000000000e+01,1.300000000e+00,3.520714223e-01
G5_WIDE1_B_FINE,upper_a,a_forward,offending,3.579932476e-01,,,,,,,52,19,0,7.578947368e+00,1.000000000e+01,8.000000000e-01,3.579932476e-01
G5_WIDE1_B_FINE,upper_a,a_forward,offending,3.497932674e-01,,,,,,,52,19,1,7.578947368e+00,1.000000000e+01,1.300000000e+00,3.497932674e-01
G5_WIDE1_B_FINE,upper_a,a_forward,offending,3.561006254e-01,,,,,,,53,19,0,7.763157895e+00,1.000000000e+01,8.000000000e-01,3.561006254e-01
G5_WIDE1_B_FINE,upper_a,a_forward,offending,3.473768561e-01,,,,,,,53,19,1,7.763157895e+00,1.000000000e+01,1.300000000e+00,3.473768561e-01
G5_WIDE1_B_FINE,upper_a,a_forward,offending,3.540469935e-01,,,,,,,54,19,0,7.947368421e+00,1.000000000e+01,8.000000000e-01,3.540469935e-01
G5_WIDE1_B_FINE,upper_a,a_forward,offending,3.448299468e-01,,,,,,,54,19,1,7.947368421e+00,1.000000000e+01,1.300000000e+00,3.448299468e-01
G5_WIDE1_B_FINE,upper_a,a_forward,offending,3.518409301e-01,,,,,,,55,19,0,8.131578947e+00,1.000000000e+01,8.000000000e-01,3.518409301e-01
G5_WIDE1_B_FINE,upper_a,a_forward,offending,3.421600781e-01,,,,,,,55,19,1,8.131578947e+00,1.000000000e+01,1.300000000e+00,3.421600781e-01
G5_WIDE1_B_FINE,upper_a,a_forward,offending,3.494907258e-01,,,,,,,56,19,0,8.315789474e+00,1.000000000e+01,8.000000000e-01,3.494907258e-01
G5_WIDE1_B_FINE,upper_a,a_forward,offending,3.393745862e-01,,,,,,,56,19,1,8.315789474e+00,1.000000000e+01,1.300000000e+00,3.393745862e-01
G5_WIDE1_B_FINE,upper_a,a_forward,offending,3.470044090e-01,,,,,,,57,19,0,8.500000000e+00,1.000000000e+01,8.000000000e-01,3.470044090e-01
G5_WIDE1_B_FINE,upper_a,a_forward,offending,3.364806185e-01,,,,,,,57,19,1,8.500000000e+00,1.000000000e+01,1.300000000e+00,3.364806185e-01
G5_WIDE1_B_FINE,upper_a,a_forward,offending,3.443897684e-01,,,,,,,58,19,0,8.684210526e+00,1.000000000e+01,8.000000000e-01,3.443897684e-01
G5_WIDE1_B_FINE,upper_a,a_forward,offending,3.334851466e-01,,,,,,,58,19,1,8.684210526e+00,1.000000000e+01,1.300000000e+00,3.334851466e-01
G5_WIDE1_B_FINE,upper_a,a_forward,offending,3.416543728e-01,,,,,,,59,19,0,8.868421053e+00,1.000000000e+01,8.000000000e-01,3.416543728e-01
G5_WIDE1_B_FINE,upper_a,a_forward,offending,3.303949751e-01,,,,,,,59,19,1,8.868421053e+00,1.000000000e+01,1.300000000e+00,3.303949751e-01
G5_WIDE1_B_FINE,upper_a,a_forward,offending,3.388055866e-01,,,,,,,60,19,0,9.052631579e+00,1.000000000e+01,8.000000000e-01,3.388055866e-01
G5_WIDE1_B_FINE,upper_a,a_forward,offending,3.272167496e-01,,,,,,,60,19,1,9.052631579e+00,1.000000000e+01,1.300000000e+00,3.272167496e-01
G5_WIDE1_B_FINE,upper_a,a_forward,offending,3.358505843e-01,,,,,,,61,19,0,9.236842105e+00,1.000000000e+01,8.000000000e-01,3.358505843e-01
G5_WIDE1_B_FINE,upper_a,a_forward,offending,3.239569610e-01,,,,,,,61,19,1,9.236842105e+00,1.000000000e+01,1.300000000e+00,3.239569610e-01
G5_WIDE1_B_FINE,upper_a,a_forward,offending,3.327963603e-01,,,,,,,62,19,0,9.421052632e+00,1.000000000e+01,8.000000000e-01,3.327963603e-01
G5_WIDE1_B_FINE,upper_a,a_forward,offending,3.206219454e-01,,,,,,,62,19,1,9.421052632e+00,1.000000000e+01,1.300000000e+00,3.206219454e-01
G5_WIDE1_B_FINE,upper_a,a_forward,offending,3.296497361e-01,,,,,,,63,19,0,9.605263158e+00,1.000000000e+01,8.000000000e-01,3.296497361e-01
G5_WIDE1_B_FINE,upper_a,a_forward,offending,3.172178748e-01,,,,,,,63,19,1,9.605263158e+00,1.000000000e+01,1.300000000e+00,3.172178748e-01
G5_WIDE1_B_FINE,upper_a,a_forward,offending,3.264173612e-01,,,,,,,64,19,0,9.789473684e+00,1.000000000e+01,8.000000000e-01,3.264173612e-01
G5_WIDE1_B_FINE,upper_a,a_forward,offending,3.137507273e-01,,,,,,,64,19,1,9.789473684e+00,1.000000000e+01,1.300000000e+00,3.137507273e-01
G5_WIDE1_B_FINE,upper_a,a_forward,offending,3.231057016e-01,,,,,,,65,19,0,9.973684211e+00,1.000000000e+01,8.000000000e-01,3.231057016e-01
G5_WIDE1_B_FINE,upper_a,a_forward,offending,3.102262096e-01,,,,,,,65,19,1,9.973684211e+00,1.000000000e+01,1.300000000e+00,3.102262096e-01
G5_WIDE1_B_FINE,upper_a,a_forward,offending,3.197210019e-01,,,,,,,66,19,0,1.015789474e+01,1.000000000e+01,8.000000000e-01,3.197210019e-01
G5_WIDE1_B_FINE,upper_a,a_forward,offending,3.066495647e-01,,,,,,,66,19,1,1.015789474e+01,1.000000000e+01,1.300000000e+00,3.066495647e-01
G5_WIDE1_B_FINE,upper_a,a_forward,offending,3.162691843e-01,,,,,,,67,19,0,1.034210526e+01,1.000000000e+01,8.000000000e-01,3.162691843e-01
G5_WIDE1_B_FINE,upper_a,a_forward,offending,3.030251067e-01,,,,,,,67,19,1,1.034210526e+01,1.000000000e+01,1.300000000e+00,3.030251067e-01
G5_WIDE1_B_FINE,upper_a,a_forward,offending,3.127556003e-01,,,,,,,68,19,0,1.052631579e+01,1.000000000e+01,8.000000000e-01,3.127556003e-01
G5_WIDE1_B_FINE,upper_a,a_forward,offending,2.993551054e-01,,,,,,,68,19,1,1.052631579e+01,1.000000000e+01,1.300000000e+00,2.993551054e-01
G5_WIDE1_B_FINE,upper_a,a_forward,offending,3.091844307e-01,,,,,,,69,19,0,1.071052632e+01,1.000000000e+01,8.000000000e-01,3.091844307e-01
G5_WIDE1_B_FINE,upper_a,a_forward,offending,2.956371373e-01,,,,,,,69,19,1,1.071052632e+01,1.000000000e+01,1.300000000e+00,2.956371373e-01
G5_WIDE1_B_FINE,upper_a,a_forward,offending,3.055572591e-01,,,,,,,70,19,0,1.089473684e+01,1.000000000e+01,8.000000000e-01,3.055572591e-01
G5_WIDE1_B_FINE,upper_a,a_forward,offending,2.918578409e-01,,,,,,,70,19,1,1.089473684e+01,1.000000000e+01,1.300000000e+00,2.918578409e-01
G5_WIDE1_B_FINE,upper_a,a_forward,offending,3.018696935e-01,,,,,,,71,19,0,1.107894737e+01,1.000000000e+01,8.000000000e-01,3.018696935e-01
G5_WIDE1_B_FINE,upper_a,a_forward,offending,2.879783087e-01,,,,,,,71,19,1,1.107894737e+01,1.000000000e+01,1.300000000e+00,2.879783087e-01
G5_WIDE1_B_FINE,upper_a,a_forward,offending,2.981033459e-01,,,,,,,72,19,0,1.126315789e+01,1.000000000e+01,8.000000000e-01,2.981033459e-01
G5_WIDE1_B_FINE,upper_a,a_forward,offending,2.839002073e-01,,,,,,,72,19,1,1.126315789e+01,1.000000000e+01,1.300000000e+00,2.839002073e-01
G5_WIDE1_B_FINE,upper_a,a_forward,offending,2.942063443e-01,,,,,,,73,19,0,1.144736842e+01,1.000000000e+01,8.000000000e-01,2.942063443e-01
G5_WIDE1_B_FINE,upper_a,a_forward,offending,2.793880736e-01,,,,,,,73,19,1,1.144736842e+01,1.000000000e+01,1.300000000e+00,2.793880736e-01
G5_WIDE1_B_FINE,upper_a,a_forward,offending,2.900423579e-01,,,,,,,74,19,0,1.163157895e+01,1.000000000e+01,8.000000000e-01,2.900423579e-01
G5_WIDE1_B_FINE,upper_a,a_forward,offending,2.738944745e-01,,,,,,,74,19,1,1.163157895e+01,1.000000000e+01,1.300000000e+00,2.738944745e-01
G5_WIDE1_B_FINE,upper_a,a_forward,offending,2.852330350e-01,,,,,,,75,19,0,1.181578947e+01,1.000000000e+01,8.000000000e-01,2.852330350e-01
G5_WIDE1_B_FINE,upper_a,a_forward,offending,2.661825385e-01,,,,,,,75,19,1,1.181578947e+01,1.000000000e+01,1.300000000e+00,2.661825385e-01
G5_WIDE1_B_FINE,upper_a,a_forward,offending,2.785339197e-01,,,,,,,76,19,0,1.200000000e+01,1.000000000e+01,8.000000000e-01,2.785339197e-01
G5_WIDE1_B_FINE,upper_a,a_forward,offending,2.535917939e-01,,,,,,,76,19,1,1.200000000e+01,1.000000000e+01,1.300000000e+00,2.535917939e-01
G5_WIDE1_B_FINE,upper_a,a_forward,offending,2.648320760e-01,,,,,,,77,19,0,1.218421053e+01,1.000000000e+01,8.000000000e-01,2.648320760e-01
G5_WIDE1_B_FINE,upper_a,a_forward,offending,2.310007577e-01,,,,,,,77,19,1,1.218421053e+01,1.000000000e+01,1.300000000e+00,2.310007577e-01
G5_WIDE1_B_FINE,upper_a,a_forward,offending,2.213346768e-01,,,,,,,78,19,0,1.236842105e+01,1.000000000e+01,8.000000000e-01,2.213346768e-01
G5_WIDE1_B_FINE,upper_a,a_forward,offending,1.910509120e-01,,,,,,,78,19,1,1.236842105e+01,1.000000000e+01,1.300000000e+00,1.910509120e-01
