state_id,group,variant,b_index,a_index,z_index,b,a,mu_a,mu_b,mu_W,rectangular_upper_a_condition_mu_a_le_0,rectangular_upper_a_satisfied,rectangular_upper_b_condition_mu_b_le_0,rectangular_upper_b_satisfied,joint_W_condition_mu_W_le_0,joint_W_satisfied,W_s=a+b,active_candidate_constraints_R,active_candidate_constraints_W_symbolic
J3_A153_B120|41.8421052632|146|0,CROSS_A_A153,J3_A153_B120,top,146,0,41.8421052632,9.605263158,-9.834617612e-02,-3.937170137e-01,-4.920631898e-01,True,True,True,True,True,True,51.4473684212,upper_b,W activity unresolved (no W_max): W_s=51.4473684212; if W_max>W_s inactive; if W_max=W_s active (mu_W<=0 if active); if W_max<W_s outside D_W; upper-a not active (a<a_max)
J3_A153_B120|41.8421052632|146|1,CROSS_A_A153,J3_A153_B120,top,146,1,41.8421052632,9.605263158,-9.874094007e-02,-9.871459599e-03,-1.086123997e-01,True,True,True,True,True,True,51.4473684212,upper_b,W activity unresolved (no W_max): W_s=51.4473684212; if W_max>W_s inactive; if W_max=W_s active (mu_W<=0 if active); if W_max<W_s outside D_W; upper-a not active (a<a_max)
J3_A153_B120|41.8421052632|148|0,CROSS_A_A153,J3_A153_B120,top,148,0,41.8421052632,9.736842105,-1.327007016e-01,-3.656963025e-01,-4.983970041e-01,True,True,True,True,True,True,51.5789473682,upper_b,W activity unresolved (no W_max): W_s=51.5789473682; if W_max>W_s inactive; if W_max=W_s active (mu_W<=0 if active); if W_max<W_s outside D_W; upper-a not active (a<a_max)
J3_A153_B120|41.8421052632|148|1,CROSS_A_A153,J3_A153_B120,top,148,1,41.8421052632,9.736842105,-1.333286705e-01,1.847327678e-02,-1.148553937e-01,True,True,False,False,True,True,51.5789473682,upper_b,W activity unresolved (no W_max): W_s=51.5789473682; if W_max>W_s inactive; if W_max=W_s active (mu_W<=0 if active); if W_max<W_s outside D_W; upper-a not active (a<a_max)
J3_A153_B120|41.8421052632|150|0,CROSS_A_A153,J3_A153_B120,top,150,0,41.8421052632,9.868421053,-1.653792751e-01,-3.395091041e-01,-5.048883792e-01,True,True,True,True,True,True,51.7105263162,upper_b,W activity unresolved (no W_max): W_s=51.7105263162; if W_max>W_s inactive; if W_max=W_s active (mu_W<=0 if active); if W_max<W_s outside D_W; upper-a not active (a<a_max)
J3_A153_B120|41.8421052632|150|1,CROSS_A_A153,J3_A153_B120,top,150,1,41.8421052632,9.868421053,-1.663817264e-01,4.509449740e-02,-1.212872290e-01,True,True,False,False,True,True,51.7105263162,upper_b,W activity unresolved (no W_max): W_s=51.7105263162; if W_max>W_s inactive; if W_max=W_s active (mu_W<=0 if active); if W_max<W_s outside D_W; upper-a not active (a<a_max)
J3_A153_B120|41.8421052632|152|0,CROSS_A_A153,J3_A153_B120,top,152,0,41.8421052632,10.000000000,-1.884136473e-01,-3.216065148e-01,-5.100201621e-01,True,True,True,True,True,True,51.8421052632,upper_b+upper_a(joint corner),upper-a active (a=a_max); W activity unresolved (no W_max): W_s=51.8421052632; if W_max=W_s upper-a+W-face active at intersection; if W_max>W_s W face inactive; if W_max<W_s outside D_W
J3_A153_B120|41.8421052632|152|1,CROSS_A_A153,J3_A153_B120,top,152,1,41.8421052632,10.000000000,-1.900360420e-01,6.362594624e-02,-1.264100957e-01,True,True,False,False,True,True,51.8421052632,upper_b+upper_a(joint corner),upper-a active (a=a_max); W activity unresolved (no W_max): W_s=51.8421052632; if W_max=W_s upper-a+W-face active at intersection; if W_max>W_s W face inactive; if W_max<W_s outside D_W
J4_A153_B140|49.2105263158|146|0,CROSS_A_A153,J4_A153_B140,top,146,0,49.2105263158,9.605263158,-9.709439325e-02,-4.095243641e-01,-5.066187574e-01,True,True,True,True,True,True,58.8157894738,upper_b,W activity unresolved (no W_max): W_s=58.8157894738; if W_max>W_s inactive; if W_max=W_s active (mu_W<=0 if active); if W_max<W_s outside D_W; upper-a not active (a<a_max)
J4_A153_B140|49.2105263158|146|1,CROSS_A_A153,J4_A153_B140,top,146,1,49.2105263158,9.605263158,-9.751837907e-02,-3.488672505e-02,-1.324051041e-01,True,True,True,True,True,True,58.8157894738,upper_b,W activity unresolved (no W_max): W_s=58.8157894738; if W_max>W_s inactive; if W_max=W_s active (mu_W<=0 if active); if W_max<W_s outside D_W; upper-a not active (a<a_max)
J4_A153_B140|49.2105263158|148|0,CROSS_A_A153,J4_A153_B140,top,148,0,49.2105263158,9.736842105,-1.314368771e-01,-3.815272671e-01,-5.129641442e-01,True,True,True,True,True,True,58.9473684208,upper_b,W activity unresolved (no W_max): W_s=58.9473684208; if W_max>W_s inactive; if W_max=W_s active (mu_W<=0 if active); if W_max<W_s outside D_W; upper-a not active (a<a_max)
J4_A153_B140|49.2105263158|148|1,CROSS_A_A153,J4_A153_B140,top,148,1,49.2105263158,9.736842105,-1.320750133e-01,-6.590346531e-03,-1.386653598e-01,True,True,True,True,True,True,58.9473684208,upper_b,W activity unresolved (no W_max): W_s=58.9473684208; if W_max>W_s inactive; if W_max=W_s active (mu_W<=0 if active); if W_max<W_s outside D_W; upper-a not active (a<a_max)
J4_A153_B140|49.2105263158|150|0,CROSS_A_A153,J4_A153_B140,top,150,0,49.2105263158,9.868421053,-1.640988765e-01,-3.553687057e-01,-5.194675822e-01,True,True,True,True,True,True,59.0789473688,upper_b,W activity unresolved (no W_max): W_s=59.0789473688; if W_max>W_s inactive; if W_max=W_s active (mu_W<=0 if active); if W_max<W_s outside D_W; upper-a not active (a<a_max)
J4_A153_B140|49.2105263158|150|1,CROSS_A_A153,J4_A153_B140,top,150,1,49.2105263158,9.868421053,-1.650810944e-01,1.996897737e-02,-1.451121171e-01,True,True,False,False,True,True,59.0789473688,upper_b,W activity unresolved (no W_max): W_s=59.0789473688; if W_max>W_s inactive; if W_max=W_s active (mu_W<=0 if active); if W_max<W_s outside D_W; upper-a not active (a<a_max)
J4_A153_B140|49.2105263158|152|0,CROSS_A_A153,J4_A153_B140,top,152,0,49.2105263158,10.000000000,-1.871463207e-01,-3.374740354e-01,-5.246203561e-01,True,True,True,True,True,True,59.2105263158,upper_b+upper_a(joint corner),upper-a active (a=a_max); W activity unresolved (no W_max): W_s=59.2105263158; if W_max=W_s upper-a+W-face active at intersection; if W_max>W_s W face inactive; if W_max<W_s outside D_W
J4_A153_B140|49.2105263158|152|1,CROSS_A_A153,J4_A153_B140,top,152,1,49.2105263158,10.000000000,-1.886941469e-01,3.844034001e-02,-1.502538069e-01,True,True,False,False,True,True,59.2105263158,upper_b+upper_a(joint corner),upper-a active (a=a_max); W activity unresolved (no W_max): W_s=59.2105263158; if W_max=W_s upper-a+W-face active at intersection; if W_max>W_s W face inactive; if W_max<W_s outside D_W
J5_A153_B160|56.5789473684|146|0,CROSS_A_A153,J5_A153_B160,top,146,0,56.5789473684,9.605263158,-9.600020672e-02,-4.243846588e-01,-5.203848655e-01,True,True,True,True,True,True,66.1842105264,upper_b,W activity unresolved (no W_max): W_s=66.1842105264; if W_max>W_s inactive; if W_max=W_s active (mu_W<=0 if active); if W_max<W_s outside D_W; upper-a not active (a<a_max)
J5_A153_B160|56.5789473684|146|1,CROSS_A_A153,J5_A153_B160,top,146,1,56.5789473684,9.605263158,-9.644029773e-02,-5.825323742e-02,-1.546935351e-01,True,True,True,True,True,True,66.1842105264,upper_b,W activity unresolved (no W_max): W_s=66.1842105264; if W_max>W_s inactive; if W_max=W_s active (mu_W<=0 if active); if W_max<W_s outside D_W; upper-a not active (a<a_max)
J5_A153_B160|56.5789473684|148|0,CROSS_A_A153,J5_A153_B160,top,148,0,56.5789473684,9.736842105,-1.303306996e-01,-3.964126390e-01,-5.267433386e-01,True,True,True,True,True,True,66.3157894734,upper_b,W activity unresolved (no W_max): W_s=66.3157894734; if W_max>W_s inactive; if W_max=W_s active (mu_W<=0 if active); if W_max<W_s outside D_W; upper-a not active (a<a_max)
J5_A153_B160|56.5789473684|148|1,CROSS_A_A153,J5_A153_B160,top,148,1,56.5789473684,9.736842105,-1.309686578e-01,-3.000302364e-02,-1.609716814e-01,True,True,True,True,True,True,66.3157894734,upper_b,W activity unresolved (no W_max): W_s=66.3157894734; if W_max>W_s inactive; if W_max=W_s active (mu_W<=0 if active); if W_max<W_s outside D_W; upper-a not active (a<a_max)
J5_A153_B160|56.5789473684|150|0,CROSS_A_A153,J5_A153_B160,top,150,0,56.5789473684,9.868421053,-1.629775515e-01,-3.702828514e-01,-5.332604029e-01,True,True,True,True,True,True,66.4473684214,upper_b,W activity unresolved (no W_max): W_s=66.4473684214; if W_max>W_s inactive; if W_max=W_s active (mu_W<=0 if active); if W_max<W_s outside D_W; upper-a not active (a<a_max)
J5_A153_B160|56.5789473684|150|1,CROSS_A_A153,J5_A153_B160,top,150,1,56.5789473684,9.868421053,-1.639332858e-01,-3.501146757e-03,-1.674344325e-01,True,True,True,True,True,True,66.4473684214,upper_b,W activity unresolved (no W_max): W_s=66.4473684214; if W_max>W_s inactive; if W_max=W_s active (mu_W<=0 if active); if W_max<W_s outside D_W; upper-a not active (a<a_max)
J5_A153_B160|56.5789473684|152|0,CROSS_A_A153,J5_A153_B160,top,152,0,56.5789473684,10.000000000,-1.860377816e-01,-3.523972065e-01,-5.384349881e-01,True,True,True,True,True,True,66.5789473684,upper_b+upper_a(joint corner),upper-a active (a=a_max); W activity unresolved (no W_max): W_s=66.5789473684; if W_max=W_s upper-a+W-face active at intersection; if W_max>W_s W face inactive; if W_max<W_s outside D_W
J5_A153_B160|56.5789473684|152|1,CROSS_A_A153,J5_A153_B160,top,152,1,56.5789473684,10.000000000,-1.875122934e-01,1.491625647e-02,-1.725960369e-01,True,True,False,False,True,True,66.5789473684,upper_b+upper_a(joint corner),upper-a active (a=a_max); W activity unresolved (no W_max): W_s=66.5789473684; if W_max=W_s upper-a+W-face active at intersection; if W_max>W_s W face inactive; if W_max<W_s outside D_W
J0_A77_B120|41.8421052632|73|0,CROSS_A_A77,J0_A77_B120,top,73,0,41.8421052632,9.605263158,-8.713375003e-02,-4.018398681e-01,-4.889736181e-01,True,True,True,True,True,True,51.4473684212,upper_b,W activity unresolved (no W_max): W_s=51.4473684212; if W_max>W_s inactive; if W_max=W_s active (mu_W<=0 if active); if W_max<W_s outside D_W; upper-a not active (a<a_max)
J0_A77_B120|41.8421052632|73|1,CROSS_A_A77,J0_A77_B120,top,73,1,41.8421052632,9.605263158,-8.839456029e-02,-1.722323717e-02,-1.056177975e-01,True,True,True,True,True,True,51.4473684212,upper_b,W activity unresolved (no W_max): W_s=51.4473684212; if W_max>W_s inactive; if W_max=W_s active (mu_W<=0 if active); if W_max<W_s outside D_W; upper-a not active (a<a_max)
J0_A77_B120|41.8421052632|74|0,CROSS_A_A77,J0_A77_B120,top,74,0,41.8421052632,9.736842105,-1.164343439e-01,-3.779643693e-01,-4.943987132e-01,True,True,True,True,True,True,51.5789473682,upper_b,W activity unresolved (no W_max): W_s=51.5789473682; if W_max>W_s inactive; if W_max=W_s active (mu_W<=0 if active); if W_max<W_s outside D_W; upper-a not active (a<a_max)
J0_A77_B120|41.8421052632|74|1,CROSS_A_A77,J0_A77_B120,top,74,1,41.8421052632,9.736842105,-1.181156894e-01,7.108521285e-03,-1.110071681e-01,True,True,False,False,True,True,51.5789473682,upper_b,W activity unresolved (no W_max): W_s=51.5789473682; if W_max>W_s inactive; if W_max=W_s active (mu_W<=0 if active); if W_max<W_s outside D_W; upper-a not active (a<a_max)
J0_A77_B120|41.8421052632|75|0,CROSS_A_A77,J0_A77_B120,top,75,0,41.8421052632,9.868421053,-1.424415818e-01,-3.572130824e-01,-4.996546642e-01,True,True,True,True,True,True,51.7105263162,upper_b,W activity unresolved (no W_max): W_s=51.7105263162; if W_max>W_s inactive; if W_max=W_s active (mu_W<=0 if active); if W_max<W_s outside D_W; upper-a not active (a<a_max)
J0_A77_B120|41.8421052632|75|1,CROSS_A_A77,J0_A77_B120,top,75,1,41.8421052632,9.868421053,-1.446695049e-01,2.841300610e-02,-1.162564988e-01,True,True,False,False,True,True,51.7105263162,upper_b,W activity unresolved (no W_max): W_s=51.7105263162; if W_max>W_s inactive; if W_max=W_s active (mu_W<=0 if active); if W_max<W_s outside D_W; upper-a not active (a<a_max)
J0_A77_B120|41.8421052632|76|0,CROSS_A_A77,J0_A77_B120,top,76,0,41.8421052632,10.000000000,-1.604760201e-01,-3.433874538e-01,-5.038634740e-01,True,True,True,True,True,True,51.8421052632,upper_b+upper_a(joint corner),upper-a active (a=a_max); W activity unresolved (no W_max): W_s=51.8421052632; if W_max=W_s upper-a+W-face active at intersection; if W_max>W_s W face inactive; if W_max<W_s outside D_W
J0_A77_B120|41.8421052632|76|1,CROSS_A_A77,J0_A77_B120,top,76,1,41.8421052632,10.000000000,-1.634059876e-01,4.291614197e-02,-1.204898456e-01,True,True,False,False,True,True,51.8421052632,upper_b+upper_a(joint corner),upper-a active (a=a_max); W activity unresolved (no W_max): W_s=51.8421052632; if W_max=W_s upper-a+W-face active at intersection; if W_max>W_s W face inactive; if W_max<W_s outside D_W
J1_A77_B140|49.2105263158|73|0,CROSS_A_A77,J1_A77_B140,top,73,0,49.2105263158,9.605263158,-8.585803693e-02,-4.177193936e-01,-5.035774305e-01,True,True,True,True,True,True,58.8157894738,upper_b,W activity unresolved (no W_max): W_s=58.8157894738; if W_max>W_s inactive; if W_max=W_s active (mu_W<=0 if active); if W_max<W_s outside D_W; upper-a not active (a<a_max)
J1_A77_B140|49.2105263158|73|1,CROSS_A_A77,J1_A77_B140,top,73,1,49.2105263158,9.605263158,-8.704694872e-02,-4.240428507e-02,-1.294512338e-01,True,True,True,True,True,True,58.8157894738,upper_b,W activity unresolved (no W_max): W_s=58.8157894738; if W_max>W_s inactive; if W_max=W_s active (mu_W<=0 if active); if W_max<W_s outside D_W; upper-a not active (a<a_max)
J1_A77_B140|49.2105263158|74|0,CROSS_A_A77,J1_A77_B140,top,74,0,49.2105263158,9.736842105,-1.151545845e-01,-3.938605108e-01,-5.090150954e-01,True,True,True,True,True,True,58.9473684208,upper_b,W activity unresolved (no W_max): W_s=58.9473684208; if W_max>W_s inactive; if W_max=W_s active (mu_W<=0 if active); if W_max<W_s outside D_W; upper-a not active (a<a_max)
J1_A77_B140|49.2105263158|74|1,CROSS_A_A77,J1_A77_B140,top,74,1,49.2105263158,9.736842105,-1.167240378e-01,-1.813036383e-02,-1.348544017e-01,True,True,True,True,True,True,58.9473684208,upper_b,W activity unresolved (no W_max): W_s=58.9473684208; if W_max>W_s inactive; if W_max=W_s active (mu_W<=0 if active); if W_max<W_s outside D_W; upper-a not active (a<a_max)
J1_A77_B140|49.2105263158|75|0,CROSS_A_A77,J1_A77_B140,top,75,0,49.2105263158,9.868421053,-1.411737193e-01,-3.731143066e-01,-5.142880259e-01,True,True,True,True,True,True,59.0789473688,upper_b,W activity unresolved (no W_max): W_s=59.0789473688; if W_max>W_s inactive; if W_max=W_s active (mu_W<=0 if active); if W_max<W_s outside D_W; upper-a not active (a<a_max)
J1_A77_B140|49.2105263158|75|1,CROSS_A_A77,J1_A77_B140,top,75,1,49.2105263158,9.868421053,-1.432371347e-01,3.118098535e-03,-1.401190362e-01,True,True,False,False,True,True,59.0789473688,upper_b,W activity unresolved (no W_max): W_s=59.0789473688; if W_max>W_s inactive; if W_max=W_s active (mu_W<=0 if active); if W_max<W_s outside D_W; upper-a not active (a<a_max)
J1_A77_B140|49.2105263158|76|0,CROSS_A_A77,J1_A77_B140,top,76,0,49.2105263158,10.000000000,-1.592650531e-01,-3.592597237e-01,-5.185247769e-01,True,True,True,True,True,True,59.2105263158,upper_b+upper_a(joint corner),upper-a active (a=a_max); W activity unresolved (no W_max): W_s=59.2105263158; if W_max=W_s upper-a+W-face active at intersection; if W_max>W_s W face inactive; if W_max<W_s outside D_W
J1_A77_B140|49.2105263158|76|1,CROSS_A_A77,J1_A77_B140,top,76,1,49.2105263158,10.000000000,-1.619602544e-01,1.758505363e-02,-1.443752008e-01,True,True,False,False,True,True,59.2105263158,upper_b+upper_a(joint corner),upper-a active (a=a_max); W activity unresolved (no W_max): W_s=59.2105263158; if W_max=W_s upper-a+W-face active at intersection; if W_max>W_s W face inactive; if W_max<W_s outside D_W
J2_A77_B160|56.5789473684|73|0,CROSS_A_A77,J2_A77_B160,top,73,0,56.5789473684,9.605263158,-8.475213254e-02,-4.326286183e-01,-5.173807508e-01,True,True,True,True,True,True,66.1842105264,upper_b,W activity unresolved (no W_max): W_s=66.1842105264; if W_max>W_s inactive; if W_max=W_s active (mu_W<=0 if active); if W_max<W_s outside D_W; upper-a not active (a<a_max)
J2_A77_B160|56.5789473684|73|1,CROSS_A_A77,J2_A77_B160,top,73,1,56.5789473684,9.605263158,-8.587238012e-02,-6.589754478e-02,-1.517699249e-01,True,True,True,True,True,True,66.1842105264,upper_b,W activity unresolved (no W_max): W_s=66.1842105264; if W_max>W_s inactive; if W_max=W_s active (mu_W<=0 if active); if W_max<W_s outside D_W; upper-a not active (a<a_max)
J2_A77_B160|56.5789473684|74|0,CROSS_A_A77,J2_A77_B160,top,74,0,56.5789473684,9.736842105,-1.140454428e-01,-4.087873052e-01,-5.228327480e-01,True,True,True,True,True,True,66.3157894734,upper_b,W activity unresolved (no W_max): W_s=66.3157894734; if W_max>W_s inactive; if W_max=W_s active (mu_W<=0 if active); if W_max<W_s outside D_W; upper-a not active (a<a_max)
J2_A77_B160|56.5789473684|74|1,CROSS_A_A77,J2_A77_B160,top,74,1,56.5789473684,9.736842105,-1.155122611e-01,-4.167611663e-02,-1.571883778e-01,True,True,True,True,True,True,66.3157894734,upper_b,W activity unresolved (no W_max): W_s=66.3157894734; if W_max>W_s inactive; if W_max=W_s active (mu_W<=0 if active); if W_max<W_s outside D_W; upper-a not active (a<a_max)
J2_A77_B160|56.5789473684|75|0,CROSS_A_A77,J2_A77_B160,top,75,0,56.5789473684,9.868421053,-1.400762738e-01,-3.880477456e-01,-5.281240194e-01,True,True,True,True,True,True,66.4473684214,upper_b,W activity unresolved (no W_max): W_s=66.4473684214; if W_max>W_s inactive; if W_max=W_s active (mu_W<=0 if active); if W_max<W_s outside D_W; upper-a not active (a<a_max)
J2_A77_B160|56.5789473684|75|1,CROSS_A_A77,J2_A77_B160,top,75,1,56.5789473684,9.868421053,-1.419923266e-01,-2.047753391e-02,-1.624698605e-01,True,True,True,True,True,True,66.4473684214,upper_b,W activity unresolved (no W_max): W_s=66.4473684214; if W_max>W_s inactive; if W_max=W_s active (mu_W<=0 if active); if W_max<W_s outside D_W; upper-a not active (a<a_max)
J2_A77_B160|56.5789473684|76|0,CROSS_A_A77,J2_A77_B160,top,76,0,56.5789473684,10.000000000,-1.582200388e-01,-3.741688922e-01,-5.323889310e-01,True,True,True,True,True,True,66.5789473684,upper_b+upper_a(joint corner),upper-a active (a=a_max); W activity unresolved (no W_max): W_s=66.5789473684; if W_max=W_s upper-a+W-face active at intersection; if W_max>W_s W face inactive; if W_max<W_s outside D_W
J2_A77_B160|56.5789473684|76|1,CROSS_A_A77,J2_A77_B160,top,76,1,56.5789473684,10.000000000,-1.607083898e-01,-6.041441309e-03,-1.667498311e-01,True,True,True,True,True,True,66.5789473684,upper_b+upper_a(joint corner),upper-a active (a=a_max); W activity unresolved (no W_max): W_s=66.5789473684; if W_max=W_s upper-a+W-face active at intersection; if W_max>W_s W face inactive; if W_max<W_s outside D_W
J0_A77_B120|119|74|1,TOP_OFFENDER,J0_A77_B120,119,74,1,4.184210526e+01,9.736842105e+00,-1.181156894e-01,7.108521285e-03,-1.110071681e-01,True,True,False,False,True,True,51.578947365,upper_b,W activity unresolved (no W_max): W_s=51.578947365; if W_max>W_s inactive; if W_max=W_s active (mu_W<=0 if active); if W_max<W_s outside D_W; upper-a not active (a<a_max)
J0_A77_B120|119|75|1,TOP_OFFENDER,J0_A77_B120,119,75,1,4.184210526e+01,9.868421053e+00,-1.446695049e-01,2.841300610e-02,-1.162564988e-01,True,True,False,False,True,True,51.710526313,upper_b,W activity unresolved (no W_max): W_s=51.710526313; if W_max>W_s inactive; if W_max=W_s active (mu_W<=0 if active); if W_max<W_s outside D_W; upper-a not active (a<a_max)
J0_A77_B120|119|76|1,TOP_OFFENDER,J0_A77_B120,119,76,1,4.184210526e+01,1.000000000e+01,-1.634059876e-01,4.291614197e-02,-1.204898456e-01,True,True,False,False,True,True,51.84210526,upper_b+upper_a(joint corner),upper-a active (a=a_max); W activity unresolved (no W_max): W_s=51.84210526; if W_max=W_s upper-a+W-face active at intersection; if W_max>W_s W face inactive; if W_max<W_s outside D_W
J1_A77_B140|139|75|1,TOP_OFFENDER,J1_A77_B140,139,75,1,4.921052632e+01,9.868421053e+00,-1.432371347e-01,3.118098535e-03,-1.401190362e-01,True,True,False,False,True,True,59.078947373,upper_b,W activity unresolved (no W_max): W_s=59.078947373; if W_max>W_s inactive; if W_max=W_s active (mu_W<=0 if active); if W_max<W_s outside D_W; upper-a not active (a<a_max)
J1_A77_B140|139|76|1,TOP_OFFENDER,J1_A77_B140,139,76,1,4.921052632e+01,1.000000000e+01,-1.619602544e-01,1.758505363e-02,-1.443752008e-01,True,True,False,False,True,True,59.21052632,upper_b+upper_a(joint corner),upper-a active (a=a_max); W activity unresolved (no W_max): W_s=59.21052632; if W_max=W_s upper-a+W-face active at intersection; if W_max>W_s W face inactive; if W_max<W_s outside D_W
J3_A153_B120|119|147|1,TOP_OFFENDER,J3_A153_B120,119,147,1,4.184210526e+01,9.671052632e+00,-1.160287227e-01,4.353314391e-03,-1.116754083e-01,True,True,False,False,True,True,51.513157892,upper_b,W activity unresolved (no W_max): W_s=51.513157892; if W_max>W_s inactive; if W_max=W_s active (mu_W<=0 if active); if W_max<W_s outside D_W; upper-a not active (a<a_max)
J3_A153_B120|119|148|1,TOP_OFFENDER,J3_A153_B120,119,148,1,4.184210526e+01,9.736842105e+00,-1.333286705e-01,1.847327678e-02,-1.148553937e-01,True,True,False,False,True,True,51.578947365,upper_b,W activity unresolved (no W_max): W_s=51.578947365; if W_max>W_s inactive; if W_max=W_s active (mu_W<=0 if active); if W_max<W_s outside D_W; upper-a not active (a<a_max)
J3_A153_B120|119|149|1,TOP_OFFENDER,J3_A153_B120,119,149,1,4.184210526e+01,9.802631579e+00,-1.503161875e-01,3.221944759e-02,-1.180967399e-01,True,True,False,False,True,True,51.644736839,upper_b,W activity unresolved (no W_max): W_s=51.644736839; if W_max>W_s inactive; if W_max=W_s active (mu_W<=0 if active); if W_max<W_s outside D_W; upper-a not active (a<a_max)
J3_A153_B120|119|150|1,TOP_OFFENDER,J3_A153_B120,119,150,1,4.184210526e+01,9.868421053e+00,-1.663817264e-01,4.509449740e-02,-1.212872290e-01,True,True,False,False,True,True,51.710526313,upper_b,W activity unresolved (no W_max): W_s=51.710526313; if W_max>W_s inactive; if W_max=W_s active (mu_W<=0 if active); if W_max<W_s outside D_W; upper-a not active (a<a_max)
J3_A153_B120|119|151|1,TOP_OFFENDER,J3_A153_B120,119,151,1,4.184210526e+01,9.934210526e+00,-1.803649440e-01,5.616085431e-02,-1.242040897e-01,True,True,False,False,True,True,51.776315786,upper_b,W activity unresolved (no W_max): W_s=51.776315786; if W_max>W_s inactive; if W_max=W_s active (mu_W<=0 if active); if W_max<W_s outside D_W; upper-a not active (a<a_max)
J3_A153_B120|119|152|1,TOP_OFFENDER,J3_A153_B120,119,152,1,4.184210526e+01,1.000000000e+01,-1.900360420e-01,6.362594624e-02,-1.264100957e-01,True,True,False,False,True,True,51.84210526,upper_b+upper_a(joint corner),upper-a active (a=a_max); W activity unresolved (no W_max): W_s=51.84210526; if W_max=W_s upper-a+W-face active at intersection; if W_max>W_s W face inactive; if W_max<W_s outside D_W
J4_A153_B140|139|149|1,TOP_OFFENDER,J4_A153_B140,139,149,1,4.921052632e+01,9.802631579e+00,-1.490410022e-01,7.126612376e-03,-1.419143899e-01,True,True,False,False,True,True,59.013157899,upper_b,W activity unresolved (no W_max): W_s=59.013157899; if W_max>W_s inactive; if W_max=W_s active (mu_W<=0 if active); if W_max<W_s outside D_W; upper-a not active (a<a_max)
J4_A153_B140|139|150|1,TOP_OFFENDER,J4_A153_B140,139,150,1,4.921052632e+01,9.868421053e+00,-1.650810944e-01,1.996897737e-02,-1.451121171e-01,True,True,False,False,True,True,59.078947373,upper_b,W activity unresolved (no W_max): W_s=59.078947373; if W_max>W_s inactive; if W_max=W_s active (mu_W<=0 if active); if W_max<W_s outside D_W; upper-a not active (a<a_max)
J4_A153_B140|139|151|1,TOP_OFFENDER,J4_A153_B140,139,151,1,4.921052632e+01,9.934210526e+00,-1.790382778e-01,3.100155186e-02,-1.480367260e-01,True,True,False,False,True,True,59.144736846,upper_b,W activity unresolved (no W_max): W_s=59.144736846; if W_max>W_s inactive; if W_max=W_s active (mu_W<=0 if active); if W_max<W_s outside D_W; upper-a not active (a<a_max)
J4_A153_B140|139|152|1,TOP_OFFENDER,J4_A153_B140,139,152,1,4.921052632e+01,1.000000000e+01,-1.886941469e-01,3.844034001e-02,-1.502538069e-01,True,True,False,False,True,True,59.21052632,upper_b+upper_a(joint corner),upper-a active (a=a_max); W activity unresolved (no W_max): W_s=59.21052632; if W_max=W_s upper-a+W-face active at intersection; if W_max>W_s W face inactive; if W_max<W_s outside D_W
J5_A153_B160|159|151|1,TOP_OFFENDER,J5_A153_B160,159,151,1,5.657894737e+01,9.934210526e+00,-1.778682098e-01,7.500771578e-03,-1.703674383e-01,True,True,False,False,True,True,66.513157896,upper_b,W activity unresolved (no W_max): W_s=66.513157896; if W_max>W_s inactive; if W_max=W_s active (mu_W<=0 if active); if W_max<W_s outside D_W; upper-a not active (a<a_max)
J5_A153_B160|159|152|1,TOP_OFFENDER,J5_A153_B160,159,152,1,5.657894737e+01,1.000000000e+01,-1.875122934e-01,1.491625647e-02,-1.725960369e-01,True,True,False,False,True,True,66.57894737,upper_b+upper_a(joint corner),upper-a active (a=a_max); W activity unresolved (no W_max): W_s=66.57894737; if W_max=W_s upper-a+W-face active at intersection; if W_max>W_s W face inactive; if W_max<W_s outside D_W
