layer,variant,b_index,a_index,z_index,b,a,z,liquid_label,transfer_label,consumption,labor,transfer,adjustment_cost,effective_illiquid_return,mu_a,mu_b,base_liquid_surplus,transfer_injection,reconstruction_residual,vb_boundary_closure,vb_backward,va_forward,va_backward,va_over_vb_minus_1,selected_transfer_candidate,candidate_source,is_top_layer,material_positive
n-1,J0_A77_B120,119,74,1,4.184210526e+01,9.736842105e+00,1.300000000e+00,B,B,1.837433221e+00,7.998118418e-01,-3.872434656e-01,5.412538726e-02,2.764014998e-02,-1.181156894e-01,7.108521285e-03,-3.260095570e-01,3.331180783e-01,0.000000000e+00,4.061898052e-01,2.961944191e-01,2.414381690e-01,2.430151100e-01,-1.795419010e-01,-3.872434656e-01,"d_bb(va_b,vb_b)",True,True
n-2,J0_A77_B120,118,74,1,4.147368421e+01,9.736842105e+00,1.300000000e+00,B,F,1.835445884e+00,8.001581293e-01,-3.726785985e-01,5.153217021e-02,2.764014998e-02,-1.035508223e-01,-8.019459576e-03,-3.291658878e-01,3.211464283e-01,0.000000000e+00,2.961944191e-01,2.968361781e-01,2.423243873e-01,2.439012356e-01,-1.765501986e-01,-3.726785984e-01,"d_fb(va_b,vb_f)",False,False
n-3,J0_A77_B120,117,74,1,4.110526316e+01,9.736842105e+00,1.300000000e+00,B,F,1.831986405e+00,8.007621871e-01,-3.645001146e-01,5.009512679e-02,2.764014998e-02,-9.537233843e-02,-1.616025272e-02,-3.305652405e-01,3.144049878e-01,0.000000000e+00,2.968361781e-01,2.979583133e-01,2.433384728e-01,2.449283484e-01,-1.748702938e-01,-3.645001145e-01,"d_fb(va_b,vb_f)",False,False
n-5,J0_A77_B120,115,74,1,4.036842105e+01,9.736842105e+00,1.300000000e+00,B,F,1.822654558e+00,8.023996105e-01,-3.580515959e-01,4.897174317e-02,2.764014998e-02,-8.892381980e-02,-2.139682015e-02,-3.304766729e-01,3.090798528e-01,0.000000000e+00,2.993918312e-01,3.010171695e-01,2.458021558e-01,2.474336563e-01,-1.735457332e-01,-3.580515958e-01,"d_fb(va_b,vb_f)",False,False
n-1,J0_A77_B120,119,75,1,4.184210526e+01,9.868421053e+00,1.300000000e+00,B,B,1.838415728e+00,7.996408366e-01,-4.144437941e-01,5.884976347e-02,2.733712798e-02,-1.446695049e-01,2.841300610e-02,-3.271810246e-01,3.555940307e-01,0.000000000e+00,4.061898052e-01,2.958779126e-01,2.403832502e-01,2.414381690e-01,-1.839939423e-01,-4.144437942e-01,"d_bb(va_b,vb_b)",True,True
n-2,J0_A77_B120,118,75,1,4.147368421e+01,9.868421053e+00,1.300000000e+00,B,F,1.836566634e+00,7.999627774e-01,-3.996647686e-01,5.615264549e-02,2.733712798e-02,-1.298904793e-01,1.300962091e-02,-3.305025022e-01,3.435121231e-01,-5.551115123e-17,2.958779126e-01,2.964740047e-01,2.412777263e-01,2.423243873e-01,-1.809987264e-01,-3.996647685e-01,"d_fb(va_b,vb_f)",False,True
n-3,J0_A77_B120,117,75,1,4.110526316e+01,9.868421053e+00,1.300000000e+00,B,F,1.833269179e+00,8.005380163e-01,-3.909124691e-01,5.457625283e-02,2.733712798e-02,-1.211381798e-01,4.240492262e-03,-3.320957240e-01,3.363362162e-01,-1.665334537e-16,2.964740047e-01,2.975414845e-01,2.422890087e-01,2.433384728e-01,-1.792249270e-01,-3.909124689e-01,"d_fb(va_b,vb_f)",False,True
n-5,J0_A77_B120,115,75,1,4.036842105e+01,9.868421053e+00,1.300000000e+00,B,F,1.824161852e+00,8.021343375e-01,-3.835032805e-01,5.325390436e-02,2.733712798e-02,-1.137289913e-01,-2.027717395e-03,-3.322770936e-01,3.302493762e-01,-1.110223025e-16,2.989287732e-01,3.005199177e-01,2.447308369e-01,2.458021558e-01,-1.777233315e-01,-3.835032804e-01,"d_fb(va_b,vb_f)",False,False
n-1,J0_A77_B120,119,76,1,4.184210526e+01,1.000000000e+01,1.300000000e+00,B,B,1.839408990e+00,7.994680895e-01,-4.334059876e-01,6.212467376e-02,2.700000000e-02,-1.634059876e-01,4.291614197e-02,-3.283651718e-01,3.712813138e-01,5.551115123e-17,4.061898052e-01,2.955584569e-01,0.000000000e+00,2.403832502e-01,-1.866811975e-01,-4.334059876e-01,"d_bb(va_b,vb_b)",True,True
n-2,J0_A77_B120,118,76,1,4.147368421e+01,1.000000000e+01,1.300000000e+00,B,F,1.837686334e+00,7.997677753e-01,-4.182740229e-01,5.932271811e-02,2.700000000e-02,-1.482740229e-01,2.711362566e-02,-3.318376791e-01,3.589513048e-01,1.110223025e-16,2.955584569e-01,2.961128324e-01,0.000000000e+00,2.412777263e-01,-1.836548046e-01,-4.182740228e-01,"d_fb(va_b,vb_f)",False,True
n-3,J0_A77_B120,117,76,1,4.110526316e+01,1.000000000e+01,1.300000000e+00,B,F,1.834543807e+00,8.003154867e-01,-4.088397701e-01,5.759897276e-02,2.700000000e-02,-1.388397701e-01,1.762455048e-02,-3.336162468e-01,3.512407973e-01,-1.110223025e-16,2.961128324e-01,2.971281688e-01,0.000000000e+00,2.422890087e-01,-1.817679540e-01,-4.088397699e-01,"d_fb(va_b,vb_f)",False,True
n-5,J0_A77_B120,115,76,1,4.036842105e+01,1.000000000e+01,1.300000000e+00,B,F,1.825660162e+00,8.018709496e-01,-4.002440643e-01,5.604393754e-02,2.700000000e-02,-1.302440643e-01,1.013367943e-02,-3.340664474e-01,3.442001268e-01,-1.110223025e-16,2.984700074e-01,3.000268497e-01,0.000000000e+00,2.447308369e-01,-1.800488128e-01,-4.002440641e-01,"d_fb(va_b,vb_f)",False,True
n-1,J1_A77_B140,139,75,1,4.921052632e+01,9.868421053e+00,1.300000000e+00,B,B,1.952111362e+00,7.806756255e-01,-4.130114240e-01,5.858642395e-02,2.733712798e-02,-1.432371347e-01,3.118098535e-03,-3.513069015e-01,3.544250000e-01,0.000000000e+00,3.634026301e-01,2.624163080e-01,2.132786253e-01,2.142094747e-01,-1.837036486e-01,-4.130114240e-01,"d_bb(va_b,vb_b)",True,True
n-2,J1_A77_B140,138,75,1,4.884210526e+01,9.868421053e+00,1.300000000e+00,B,F,1.950140495e+00,7.809911191e-01,-3.985612419e-01,5.595303196e-02,2.733712798e-02,-1.287869526e-01,-1.190551914e-02,-3.545137291e-01,3.426082099e-01,5.551115123e-17,2.624163080e-01,2.629469869e-01,2.140542235e-01,2.149779793e-01,-1.807750783e-01,-3.985612418e-01,"d_fb(va_b,vb_f)",False,False
n-3,J1_A77_B140,137,75,1,4.847368421e+01,9.868421053e+00,1.300000000e+00,B,F,1.946696502e+00,7.815435013e-01,-3.902662808e-01,5.446048209e-02,2.733712798e-02,-1.204919915e-01,-2.017987133e-02,-3.559856700e-01,3.358057987e-01,0.000000000e+00,2.629469869e-01,2.638781937e-01,2.149286596e-01,2.158547681e-01,-1.790939662e-01,-3.902662806e-01,"d_fb(va_b,vb_f)",False,False
n-5,J1_A77_B140,135,75,1,4.773684211e+01,9.868421053e+00,1.300000000e+00,B,F,1.937369341e+00,7.830463806e-01,-3.835150893e-01,5.325600306e-02,2.733712798e-02,-1.137408000e-01,-2.579137280e-02,-3.560504590e-01,3.302590862e-01,5.551115123e-17,2.650710270e-01,2.664251102e-01,2.170172149e-01,2.179610867e-01,-1.777257247e-01,-3.835150891e-01,"d_fb(va_b,vb_f)",False,False
n-1,J1_A77_B140,139,76,1,4.921052632e+01,1.000000000e+01,1.300000000e+00,B,B,1.953142476e+00,7.805107439e-01,-4.319602544e-01,6.185499159e-02,2.700000000e-02,-1.619602544e-01,1.758505363e-02,-3.525202092e-01,3.701052629e-01,-1.665334537e-16,3.634026301e-01,2.621393086e-01,0.000000000e+00,2.132786253e-01,-1.863920509e-01,-4.319602544e-01,"d_bb(va_b,vb_b)",True,True
n-2,J1_A77_B140,138,76,1,4.884210526e+01,1.000000000e+01,1.300000000e+00,B,F,1.951299605e+00,7.808055164e-01,-4.171666278e-01,5.911946231e-02,2.700000000e-02,-1.471666278e-01,2.169234979e-03,-3.558779305e-01,3.580471655e-01,0.000000000e+00,2.621393086e-01,2.626346883e-01,0.000000000e+00,2.140542235e-01,-1.834333255e-01,-4.171666277e-01,"d_fb(va_b,vb_f)",False,True
n-3,J1_A77_B140,137,76,1,4.847368421e+01,1.000000000e+01,1.300000000e+00,B,F,1.948007061e+00,7.813331395e-01,-4.082202548e-01,5.748640312e-02,2.700000000e-02,-1.382202548e-01,-6.794827251e-03,-3.575286789e-01,3.507338517e-01,-5.551115123e-17,2.626346883e-01,2.635232549e-01,0.000000000e+00,2.149286596e-01,-1.816440509e-01,-4.082202546e-01,"d_fb(va_b,vb_f)",False,False
n-5,J1_A77_B140,135,76,1,4.773684211e+01,1.000000000e+01,1.300000000e+00,B,F,1.938888793e+00,7.828008623e-01,-4.003859135e-01,5.606947933e-02,2.700000000e-02,-1.303859135e-01,-1.352477480e-02,-3.578412090e-01,3.443164342e-01,2.220446049e-16,2.646800532e-01,2.660076942e-01,0.000000000e+00,2.170172149e-01,-1.800771827e-01,-4.003859133e-01,"d_fb(va_b,vb_f)",False,False
n-1,J3_A153_B120,119,147,1,4.184210526e+01,9.671052632e+00,1.300000000e+00,B,B,1.837898934e+00,7.997307685e-01,-3.846889827e-01,5.377081204e-02,2.777983641e-02,-1.160287227e-01,4.353314391e-03,-3.265648563e-01,3.309181707e-01,5.551115123e-17,4.061898052e-01,2.960443303e-01,2.418481582e-01,2.428881710e-01,-1.795547284e-01,-3.846889827e-01,"d_bb(va_b,vb_b)",True,True
n-2,J3_A153_B120,118,147,1,4.147368421e+01,9.671052632e+00,1.300000000e+00,B,F,1.835885214e+00,8.000815322e-01,-3.712374655e-01,5.137423830e-02,2.777983641e-02,-1.025772054e-01,-9.826630700e-03,-3.296898579e-01,3.198632272e-01,1.110223025e-16,2.960443303e-01,2.966941285e-01,2.426615913e-01,2.437117102e-01,-1.767729180e-01,-3.712374654e-01,"d_fb(va_b,vb_f)",False,False
n-3,J3_A153_B120,117,147,1,4.110526316e+01,9.671052632e+00,1.300000000e+00,B,F,1.832389984e+00,8.006916360e-01,-3.640282705e-01,5.010522189e-02,2.777983641e-02,-9.536801046e-02,-1.712373049e-02,-3.310467791e-01,3.139230486e-01,0.000000000e+00,2.966941285e-01,2.978270786e-01,2.436225019e-01,2.446889773e-01,-1.752820369e-01,-3.640282704e-01,"d_fb(va_b,vb_f)",False,False
n-5,J3_A153_B120,115,147,1,4.036842105e+01,9.671052632e+00,1.300000000e+00,B,F,1.822990085e+00,8.023405337e-01,-3.588225655e-01,4.919555743e-02,2.777983641e-02,-9.016230550e-02,-2.125047114e-02,-3.308774792e-01,3.096270081e-01,0.000000000e+00,2.992715242e-01,3.009063738e-01,2.460333922e-01,2.471367838e-01,-1.742054829e-01,-3.588225655e-01,"d_fb(va_b,vb_f)",False,False
n-1,J3_A153_B120,119,148,1,4.184210526e+01,9.736842105e+00,1.300000000e+00,B,B,1.838349988e+00,7.996522746e-01,-4.024564467e-01,5.688052379e-02,2.764014998e-02,-1.333286705e-01,1.847327678e-02,-3.271026461e-01,3.455759229e-01,-1.110223025e-16,4.061898052e-01,2.958990744e-01,2.408469211e-01,2.418481582e-01,-1.826667296e-01,-4.024564466e-01,"d_bb(va_b,vb_b)",True,True
n-2,J3_A153_B120,118,148,1,4.147368421e+01,9.736842105e+00,1.300000000e+00,B,F,1.836416331e+00,7.999889663e-01,-3.890730492e-01,5.445421797e-02,2.764014998e-02,-1.199452731e-01,4.295571428e-03,-3.303232598e-01,3.346188312e-01,-5.551115123e-17,2.958990744e-01,2.965225373e-01,2.416537062e-01,2.426615913e-01,-1.799177074e-01,-3.890730492e-01,"d_fb(va_b,vb_f)",False,True
n-3,J3_A153_B120,117,148,1,4.110526316e+01,9.736842105e+00,1.300000000e+00,B,F,1.833013025e+00,8.005827628e-01,-3.816910206e-01,5.313165702e-02,2.764014998e-02,-1.125632444e-01,-3.230761525e-03,-3.317901251e-01,3.285593636e-01,-1.665334537e-16,2.965225373e-01,2.976246501e-01,2.426012827e-01,2.436225019e-01,-1.784013988e-01,-3.816910205e-01,"d_fb(va_b,vb_f)",False,False
n-5,J3_A153_B120,115,148,1,4.036842105e+01,9.736842105e+00,1.300000000e+00,B,F,1.823738111e+00,8.022088819e-01,-3.761603364e-01,5.214811675e-02,2.764014998e-02,-1.070325602e-01,-7.758760988e-03,-3.317709806e-01,3.240122197e-01,1.110223025e-16,2.990434365e-01,3.006595843e-01,2.449788953e-01,2.460333922e-01,-1.772653664e-01,-3.761603363e-01,"d_fb(va_b,vb_f)",False,False
n-1,J3_A153_B120,119,149,1,4.184210526e+01,9.802631579e+00,1.300000000e+00,B,B,1.838797684e+00,7.995743917e-01,-4.198170489e-01,5.996119877e-02,2.749270532e-02,-1.503161875e-01,3.221944759e-02,-3.276364025e-01,3.598558501e-01,-1.110223025e-16,4.061898052e-01,2.957550056e-01,2.399198434e-01,2.408469211e-01,-1.856539482e-01,-4.198170489e-01,"d_bb(va_b,vb_b)",True,True
n-2,J3_A153_B120,118,149,1,4.147368421e+01,9.802631579e+00,1.300000000e+00,B,F,1.836940529e+00,7.998976430e-01,-4.064468319e-01,5.749720139e-02,2.749270532e-02,-1.369459705e-01,1.800126012e-02,-3.309483704e-01,3.489496305e-01,5.551115123e-17,2.957550056e-01,2.963533272e-01,2.407244349e-01,2.416537062e-01,-1.829260650e-01,-4.064468318e-01,"d_fb(va_b,vb_f)",False,True
n-3,J3_A153_B120,117,149,1,4.110526316e+01,9.802631579e+00,1.300000000e+00,B,F,1.833627480e+00,8.004754408e-01,-3.988604465e-01,5.611532498e-02,2.749270532e-02,-1.293595852e-01,1.022195061e-02,-3.325231709e-01,3.427451216e-01,1.110223025e-16,2.963533272e-01,2.974252134e-01,2.416626437e-01,2.426012827e-01,-1.813782387e-01,-3.988604465e-01,"d_fb(va_b,vb_f)",False,True
n-5,J3_A153_B120,115,149,1,4.036842105e+01,9.802631579e+00,1.300000000e+00,B,F,1.824479125e+00,8.020785389e-01,-3.929599950e-01,5.504866309e-02,2.749270532e-02,-1.234591336e-01,5.255308593e-03,-3.326560233e-01,3.379113319e-01,5.551115123e-17,2.988182996e-01,3.004154076e-01,2.440123367e-01,2.449788953e-01,-1.801743882e-01,-3.929599949e-01,"d_fb(va_b,vb_f)",False,True
n-1,J3_A153_B120,119,150,1,4.184210526e+01,9.868421053e+00,1.300000000e+00,B,B,1.839244489e+00,7.994966904e-01,-4.361560157e-01,6.289245133e-02,2.733712798e-02,-1.663817264e-01,4.509449740e-02,-3.281690670e-01,3.732635644e-01,0.000000000e+00,4.061898052e-01,2.956113286e-01,2.391339941e-01,2.399198434e-01,-1.883942858e-01,-4.361560157e-01,"d_bb(va_b,vb_b)",True,True
n-2,J3_A153_B120,118,150,1,4.147368421e+01,9.868421053e+00,1.300000000e+00,B,F,1.837459988e+00,7.998071814e-01,-4.227261396e-01,6.038061606e-02,2.733712798e-02,-1.529518504e-01,3.077773454e-02,-3.315677890e-01,3.623455236e-01,0.000000000e+00,2.956113286e-01,2.961857900e-01,2.399413805e-01,2.407244349e-01,-1.856724976e-01,-4.227261396e-01,"d_fb(va_b,vb_f)",False,True
n-3,J3_A153_B120,117,150,1,4.110526316e+01,9.868421053e+00,1.300000000e+00,B,F,1.834235033e+00,8.003693739e-01,-4.148895130e-01,5.893179318e-02,2.733712798e-02,-1.451152237e-01,2.270979287e-02,-3.332479269e-01,3.559577198e-01,1.110223025e-16,2.961857900e-01,2.972282143e-01,2.408749952e-01,2.416626437e-01,-1.840842746e-01,-4.148895129e-01,"d_fb(va_b,vb_f)",False,True
n-5,J3_A153_B120,115,150,1,4.036842105e+01,9.868421053e+00,1.300000000e+00,B,F,1.825213976e+00,8.019493531e-01,-4.085539224e-01,5.776957807e-02,2.733712798e-02,-1.387796332e-01,1.725071949e-02,-3.335336249e-01,3.507843444e-01,0.000000000e+00,2.985957107e-01,3.001735552e-01,2.432043265e-01,2.440123367e-01,-1.828002616e-01,-4.085539224e-01,"d_fb(va_b,vb_f)",False,True
n-1,J3_A153_B120,119,151,1,4.184210526e+01,9.934210526e+00,1.300000000e+00,B,B,1.839693173e+00,7.994186887e-01,-4.503075259e-01,6.544272870e-02,2.717302812e-02,-1.803649440e-01,5.616085431e-02,-3.287039429e-01,3.848647972e-01,0.000000000e+00,4.061898052e-01,2.954671524e-01,2.386179669e-01,2.391339941e-01,-1.906579390e-01,-4.503075259e-01,"d_bb(va_b,vb_b)",True,True
n-2,J3_A153_B120,118,151,1,4.147368421e+01,9.934210526e+00,1.300000000e+00,B,F,1.837977340e+00,7.997171221e-01,-4.367345335e-01,6.287347456e-02,2.717302812e-02,-1.667919515e-01,4.167640174e-02,-3.321846572e-01,3.738610589e-01,0.000000000e+00,2.954671524e-01,2.960190731e-01,2.394313768e-01,2.399413805e-01,-1.879253630e-01,-4.367345335e-01,"d_fb(va_b,vb_f)",False,True
n-3,J3_A153_B120,117,151,1,4.110526316e+01,9.934210526e+00,1.300000000e+00,B,F,1.834837961e+00,8.002641628e-01,-4.285894441e-01,6.134948385e-02,2.717302812e-02,-1.586468621e-01,3.327284609e-02,-3.339671141e-01,3.672399602e-01,5.551115123e-17,2.960190731e-01,2.970329076e-01,2.403648372e-01,2.408749952e-01,-1.862855569e-01,-4.285894440e-01,"d_fb(va_b,vb_f)",False,True
n-5,J3_A153_B120,115,151,1,4.036842105e+01,9.934210526e+00,1.300000000e+00,B,F,1.825944088e+00,8.018210724e-01,-4.217270343e-01,6.007585648e-02,2.717302812e-02,-1.517844523e-01,2.724569036e-02,-3.344054875e-01,3.616511778e-01,0.000000000e+00,2.983750653e-01,2.999335516e-01,2.426836449e-01,2.432043265e-01,-1.849039857e-01,-4.217270342e-01,"d_fb(va_b,vb_f)",False,True
n-1,J3_A153_B120,119,152,1,4.184210526e+01,1.000000000e+01,1.300000000e+00,B,B,1.840145537e+00,7.993400743e-01,-4.600360420e-01,6.716692019e-02,2.700000000e-02,-1.900360420e-01,6.362594624e-02,-3.292431755e-01,3.928691218e-01,5.551115123e-17,4.061898052e-01,2.953219007e-01,0.000000000e+00,2.386179669e-01,-1.920072084e-01,-4.600360420e-01,"d_bb(va_b,vb_b)",True,True
n-2,J3_A153_B120,118,152,1,4.147368421e+01,1.000000000e+01,1.300000000e+00,B,F,1.838495045e+00,7.996270372e-01,-4.462644607e-01,6.454164295e-02,2.700000000e-02,-1.762644607e-01,4.892091231e-02,-3.328019054e-01,3.817228177e-01,1.110223025e-16,2.953219007e-01,2.958523837e-01,0.000000000e+00,2.394313768e-01,-1.892528921e-01,-4.462644606e-01,"d_fb(va_b,vb_f)",False,True
n-3,J3_A153_B120,117,152,1,4.110526316e+01,1.000000000e+01,1.300000000e+00,B,F,1.835439032e+00,8.001593241e-01,-4.377573002e-01,6.293887541e-02,2.700000000e-02,-1.677573002e-01,4.013439311e-02,-3.346840317e-01,3.748184248e-01,2.220446049e-16,2.958523837e-01,2.968383944e-01,0.000000000e+00,2.403648372e-01,-1.875514600e-01,-4.377573001e-01,"d_fb(va_b,vb_f)",False,True
n-5,J3_A153_B120,115,152,1,4.036842105e+01,1.000000000e+01,1.300000000e+00,B,F,1.826671723e+00,8.016932985e-01,-4.302504871e-01,6.153659687e-02,2.700000000e-02,-1.602504871e-01,3.343957800e-02,-3.352743122e-01,3.687138902e-01,0.000000000e+00,2.981555058e-01,2.996946487e-01,0.000000000e+00,2.426836449e-01,-1.860500974e-01,-4.302504870e-01,"d_fb(va_b,vb_f)",False,True
n-1,J4_A153_B140,139,149,1,4.921052632e+01,9.802631579e+00,1.300000000e+00,B,B,1.952437456e+00,7.806234678e-01,-4.185418636e-01,5.972462148e-02,2.749270532e-02,-1.490410022e-01,7.126612376e-03,-3.516906298e-01,3.588172421e-01,-1.110223025e-16,3.634026301e-01,2.623286585e-01,2.128749866e-01,2.136945579e-01,-1.853937762e-01,-4.185418636e-01,"d_bb(va_b,vb_b)",True,True
n-2,J4_A153_B140,138,149,1,4.884210526e+01,9.802631579e+00,1.300000000e+00,B,F,1.950461043e+00,7.809397758e-01,-4.054156981e-01,5.730868862e-02,2.749270532e-02,-1.359148368e-01,-6.784002347e-03,-3.548910119e-01,3.481070095e-01,-1.665334537e-16,2.623286585e-01,2.628605662e-01,2.135757901e-01,2.143970977e-01,-1.827156861e-01,-4.054156981e-01,"d_fb(va_b,vb_f)",False,False
n-3,J4_A153_B140,137,149,1,4.847368421e+01,9.802631579e+00,1.300000000e+00,B,F,1.947004681e+00,7.814940167e-01,-3.981857461e-01,5.599299544e-02,2.749270532e-02,-1.286848847e-01,-1.415577900e-02,-3.563485297e-01,3.421927507e-01,5.551115123e-17,2.628605662e-01,2.637946653e-01,2.143904771e-01,2.152195642e-01,-1.812405817e-01,-3.981857461e-01,"d_fb(va_b,vb_f)",False,False
n-5,J4_A153_B140,135,149,1,4.773684211e+01,9.802631579e+00,1.300000000e+00,B,F,1.937643218e+00,7.830021068e-01,-3.927592284e-01,5.501249422e-02,2.749270532e-02,-1.232583671e-01,-1.862652369e-02,-3.563732579e-01,3.377467342e-01,-5.551115123e-17,2.649915293e-01,2.663498000e-01,2.164060152e-01,2.172576971e-01,-1.801334265e-01,-3.927592284e-01,"d_fb(va_b,vb_f)",False,False
n-1,J4_A153_B140,139,150,1,4.921052632e+01,9.868421053e+00,1.300000000e+00,B,B,1.952903327e+00,7.805489745e-01,-4.348553837e-01,6.264759111e-02,2.733712798e-02,-1.650810944e-01,1.996897737e-02,-3.522388152e-01,3.722077926e-01,-1.665334537e-16,3.634026301e-01,2.622035150e-01,2.121806832e-01,2.128749866e-01,-1.881306911e-01,-4.348553837e-01,"d_bb(va_b,vb_b)",True,True
n-2,J4_A153_B140,138,150,1,4.884210526e+01,9.868421053e+00,1.300000000e+00,B,F,1.951001007e+00,7.808533146e-01,-4.216674888e-01,6.018416728e-02,2.733712798e-02,-1.518931995e-01,5.956805927e-03,-3.555265155e-01,3.614833215e-01,1.665334537e-16,2.622035150e-01,2.627150864e-01,2.128840101e-01,2.135757901e-01,-1.854579444e-01,-4.216674887e-01,"d_fb(va_b,vb_f)",False,True
n-3,J4_A153_B140,137,150,1,4.847368421e+01,9.868421053e+00,1.300000000e+00,B,F,1.947631403e+00,7.813934173e-01,-4.141925870e-01,5.880354929e-02,2.733712798e-02,-1.444182978e-01,-1.697376020e-03,-3.570864138e-01,3.553890378e-01,-1.110223025e-16,2.627150864e-01,2.636249214e-01,2.136949057e-01,2.143904771e-01,-1.839430310e-01,-4.141925870e-01,"d_fb(va_b,vb_f)",False,False
n-5,J4_A153_B140,135,150,1,4.773684211e+01,9.868421053e+00,1.300000000e+00,B,F,1.938389751e+00,7.828814695e-01,-4.083598227e-01,5.773410040e-02,2.733712798e-02,-1.385855334e-01,-6.627373747e-03,-3.572530960e-01,3.506257223e-01,-5.551115123e-17,2.648013556e-01,2.661446804e-01,2.156939467e-01,2.164060152e-01,-1.827609240e-01,-4.083598226e-01,"d_fb(va_b,vb_f)",False,False
n-1,J4_A153_B140,139,151,1,4.921052632e+01,9.934210526e+00,1.300000000e+00,B,B,1.953371210e+00,7.804741845e-01,-4.489808598e-01,6.518996644e-02,2.717302812e-02,-1.790382778e-01,3.100155186e-02,-3.527893415e-01,3.837908934e-01,-1.665334537e-16,3.634026301e-01,2.620779210e-01,2.117251346e-01,2.121806832e-01,-1.903908486e-01,-4.489808598e-01,"d_bb(va_b,vb_b)",True,True
n-2,J4_A153_B140,138,151,1,4.884210526e+01,9.934210526e+00,1.300000000e+00,B,F,1.951538904e+00,7.807672178e-01,-4.356508595e-01,6.266994294e-02,2.717302812e-02,-1.657082776e-01,1.682136724e-02,-3.561595493e-01,3.729809166e-01,-1.110223025e-16,2.620779210e-01,2.625702836e-01,2.124337252e-01,2.128840101e-01,-1.877071929e-01,-4.356508595e-01,"d_fb(va_b,vb_f)",False,True
n-3,J4_A153_B140,137,151,1,4.847368421e+01,9.934210526e+00,1.300000000e+00,B,F,1.948253616e+00,7.812935863e-01,-4.278767636e-01,6.121677289e-02,2.717302812e-02,-1.579341816e-01,8.841050347e-03,-3.578189403e-01,3.666599907e-01,1.110223025e-16,2.625702836e-01,2.634565606e-01,2.132445356e-01,2.136949057e-01,-1.861420769e-01,-4.278767635e-01,"d_fb(va_b,vb_f)",False,True
n-5,J4_A153_B140,135,151,1,4.773684211e+01,9.934210526e+00,1.300000000e+00,B,F,1.939131794e+00,7.827616224e-01,-4.215552200e-01,6.004409031e-02,2.717302812e-02,-1.516126381e-01,3.383559650e-03,-3.581275701e-01,3.615111297e-01,0.000000000e+00,2.646127448e-01,2.659410294e-01,2.152350422e-01,2.156939467e-01,-1.848693953e-01,-4.215552200e-01,"d_fb(va_b,vb_f)",False,True
n-1,J4_A153_B140,139,152,1,4.921052632e+01,1.000000000e+01,1.300000000e+00,B,B,1.953842935e+00,7.803988056e-01,-4.586941469e-01,6.690944674e-02,2.700000000e-02,-1.886941469e-01,3.844034001e-02,-3.533443602e-01,3.917847002e-01,1.110223025e-16,3.634026301e-01,2.619513869e-01,0.000000000e+00,2.117251346e-01,-1.917388294e-01,-4.586941469e-01,"d_bb(va_b,vb_b)",True,True
n-2,J4_A153_B140,138,152,1,4.884210526e+01,1.000000000e+01,1.300000000e+00,B,F,1.952077189e+00,7.806810921e-01,-4.451689166e-01,6.433442809e-02,2.700000000e-02,-1.751689166e-01,2.404148488e-02,-3.567930036e-01,3.808344885e-01,1.110223025e-16,2.619513869e-01,2.624254960e-01,0.000000000e+00,2.124337252e-01,-1.890337833e-01,-4.451689166e-01,"d_fb(va_b,vb_f)",False,True
n-3,J4_A153_B140,137,152,1,4.847368421e+01,1.000000000e+01,1.300000000e+00,B,F,1.948874026e+00,7.811940893e-01,-4.370461563e-01,6.280554990e-02,2.700000000e-02,-1.670461563e-01,1.569131254e-02,-3.585492938e-01,3.742406064e-01,-2.220446049e-16,2.624254960e-01,2.632888485e-01,0.000000000e+00,2.132445356e-01,-1.874092312e-01,-4.370461562e-01,"d_fb(va_b,vb_f)",False,True
n-5,J4_A153_B140,135,152,1,4.773684211e+01,1.000000000e+01,1.300000000e+00,B,F,1.939871489e+00,7.826422185e-01,-4.301307631e-01,6.151432364e-02,2.700000000e-02,-1.601307631e-01,9.617233924e-03,-3.589992055e-01,3.686164394e-01,5.551115123e-17,2.644250093e-01,2.657382557e-01,0.000000000e+00,2.152350422e-01,-1.860261526e-01,-4.301307630e-01,"d_fb(va_b,vb_f)",False,True
n-1,J5_A153_B160,159,151,1,5.657894737e+01,9.934210526e+00,1.300000000e+00,B,B,2.067141566e+00,7.629997008e-01,-4.478107918e-01,6.496733402e-02,2.717302812e-02,-1.778682098e-01,7.500771578e-03,-3.753426862e-01,3.828434578e-01,-5.551115123e-17,3.265675163e-01,2.340235484e-01,1.891177253e-01,1.895227338e-01,-1.901552852e-01,-4.478107918e-01,"d_bb(va_b,vb_b)",True,True
n-2,J5_A153_B160,158,151,1,5.621052632e+01,9.934210526e+00,1.300000000e+00,B,F,2.065197017e+00,7.632869899e-01,-4.347163936e-01,6.249462487e-02,2.717302812e-02,-1.647738117e-01,-6.385229658e-03,-3.786069984e-01,3.722217688e-01,-1.110223025e-16,2.340235484e-01,2.344644599e-01,1.897392904e-01,1.901396721e-01,-1.875190620e-01,-4.347163936e-01,"d_fb(va_b,vb_f)",False,False
n-3,J5_A153_B160,157,151,1,5.584210526e+01,9.934210526e+00,1.300000000e+00,B,F,2.061772546e+00,7.637938457e-01,-4.272799691e-01,6.110572018e-02,2.717302812e-02,-1.573373871e-01,-1.397451831e-02,-3.801487672e-01,3.661742489e-01,-1.665334537e-16,2.344644599e-01,2.352439674e-01,1.904485105e-01,1.908489291e-01,-1.860219275e-01,-4.272799690e-01,"d_fb(va_b,vb_f)",False,False
n-5,J5_A153_B160,155,151,1,5.510526316e+01,9.934210526e+00,1.300000000e+00,B,F,2.052429660e+00,7.651827004e-01,-4.214283428e-01,6.002063620e-02,2.717302812e-02,-1.514857608e-01,-1.891612249e-02,-3.803238291e-01,3.614077066e-01,3.330669074e-16,2.362478353e-01,2.373905549e-01,1.921714415e-01,1.925788755e-01,-1.848438518e-01,-4.214283427e-01,"d_fb(va_b,vb_f)",False,False
n-1,J5_A153_B160,159,152,1,5.657894737e+01,1.000000000e+01,1.300000000e+00,B,B,2.067631947e+00,7.629273113e-01,-4.575122934e-01,6.668297921e-02,2.700000000e-02,-1.875122934e-01,1.491625647e-02,-3.759130577e-01,3.908293142e-01,0.000000000e+00,3.265675163e-01,2.339125547e-01,0.000000000e+00,1.891177253e-01,-1.915024587e-01,-4.575122934e-01,"d_bb(va_b,vb_b)",True,True
n-2,J5_A153_B160,158,152,1,5.621052632e+01,1.000000000e+01,1.300000000e+00,B,F,2.065755003e+00,7.632045139e-01,-4.442260246e-01,6.415627855e-02,2.700000000e-02,-1.742260246e-01,8.136253616e-04,-3.792561207e-01,3.800697460e-01,5.551115123e-17,2.339125547e-01,2.343378134e-01,0.000000000e+00,1.897392904e-01,-1.888452049e-01,-4.442260245e-01,"d_fb(va_b,vb_f)",False,True
n-3,J5_A153_B160,157,152,1,5.584210526e+01,1.000000000e+01,1.300000000e+00,B,F,2.062411441e+00,7.636991934e-01,-4.364537099e-01,6.269455507e-02,2.700000000e-02,-1.664537099e-01,-7.133098607e-03,-3.808922534e-01,3.737591548e-01,-4.440892099e-16,2.343378134e-01,2.350982419e-01,0.000000000e+00,1.904485105e-01,-1.872907420e-01,-4.364537098e-01,"d_fb(va_b,vb_f)",False,False
n-5,J5_A153_B160,155,152,1,5.510526316e+01,1.000000000e+01,1.300000000e+00,B,F,2.053181465e+00,7.650706146e-01,-4.300524542e-01,6.149975676e-02,2.700000000e-02,-1.600524542e-01,-1.264679155e-02,-3.811994890e-01,3.685526975e-01,2.220446049e-16,2.360858946e-01,2.372167380e-01,0.000000000e+00,1.921714415e-01,-1.860104908e-01,-4.300524542e-01,"d_fb(va_b,vb_f)",False,False
